---
--- Table: SEC_ROLE 系统内置角色(role_type=1)，三员角色2,普通角色3，特殊角色4
---
INSERT INTO SEC_ROLE(ROLE_ID,ROLE_NAME,SUBSYS_CODE,ROLE_DESC,ROLE_TYPE,ROLE_SPEC_KEY) 
	VALUES('14','打印管理员','admin','在打印现场，负责对打印失败的任务进行标记',3,'');
INSERT INTO SEC_ROLE(ROLE_ID,ROLE_NAME,SUBSYS_CODE,ROLE_DESC,ROLE_TYPE,ROLE_SPEC_KEY) 
	VALUES('17','打印纸张统计员','admin','可以查看打印纸张统计情况',3,'');
INSERT INTO SEC_ROLE(ROLE_ID,ROLE_NAME,SUBSYS_CODE,ROLE_DESC,ROLE_TYPE,ROLE_SPEC_KEY) 
	VALUES('20','拼图管理员','admin','为拼图打印的子图补打并粘贴条码',3,'');		
---
--- Table: SEC_OPER 初始化操作列表，仅包含打印模块，其他业务模块的操作列表应该列在其他初始化数据sql文件中
---
INSERT INTO SEC_OPER(OPER_CODE,OPER_NAME,SUBSYS_CODE,WEB_URL,ICON_PATH,EN_PRVT_OPER,EN_DIRECTORY) VALUES('01020114','关键字管理','admin','basic/managekeyword.action','_image/ico/default.gif','N','N');

INSERT INTO SEC_OPER(OPER_CODE,OPER_NAME,SUBSYS_CODE,WEB_URL,ICON_PATH,EN_PRVT_OPER,EN_DIRECTORY) VALUES('01020306','打印机管理','admin','basic/manageprinter.action','_image/ico/default.gif','N','N');
INSERT INTO SEC_OPER(OPER_CODE,OPER_NAME,SUBSYS_CODE,WEB_URL,ICON_PATH,EN_PRVT_OPER,EN_DIRECTORY) VALUES('01020310','打印参数配置','admin','basic/configprint.action','_image/ico/default.gif','N','N');
INSERT INTO SEC_OPER(OPER_CODE,OPER_NAME,SUBSYS_CODE,WEB_URL,ICON_PATH,EN_PRVT_OPER,EN_DIRECTORY) VALUES('01020501','客户端列表','admin','client/managecvs.action','_image/ico/default.gif','N','N');
INSERT INTO SEC_OPER(OPER_CODE,OPER_NAME,SUBSYS_CODE,WEB_URL,ICON_PATH,EN_PRVT_OPER,EN_DIRECTORY) VALUES('01020502','客户端版本列表','admin','basic/viewversionfile.action','_image/ico/default.gif','N','N');

INSERT INTO SEC_OPER(OPER_CODE,OPER_NAME,SUBSYS_CODE,WEB_URL,ICON_PATH,EN_PRVT_OPER,EN_DIRECTORY) VALUES('0103','打印管理','admin',NULL,NULL,'N','Y');
INSERT INTO SEC_OPER(OPER_CODE,OPER_NAME,SUBSYS_CODE,WEB_URL,ICON_PATH,EN_PRVT_OPER,EN_DIRECTORY) VALUES('010301','申请打印','admin',NULL,NULL,'N','Y');
INSERT INTO SEC_OPER(OPER_CODE,OPER_NAME,SUBSYS_CODE,WEB_URL,ICON_PATH,EN_PRVT_OPER,EN_DIRECTORY) VALUES('01030101','启动打印流程','admin','print/submitprintevent.action','_image/ico/default.gif','N','N');
INSERT INTO SEC_OPER(OPER_CODE,OPER_NAME,SUBSYS_CODE,WEB_URL,ICON_PATH,EN_PRVT_OPER,EN_DIRECTORY) VALUES('01030102','查看申请记录','admin','print/manageprintjob.action','_image/ico/default.gif','N','N');
INSERT INTO SEC_OPER(OPER_CODE,OPER_NAME,SUBSYS_CODE,WEB_URL,ICON_PATH,EN_PRVT_OPER,EN_DIRECTORY) VALUES('010302','打印审批','admin',NULL,NULL,'N','Y');
INSERT INTO SEC_OPER(OPER_CODE,OPER_NAME,SUBSYS_CODE,WEB_URL,ICON_PATH,EN_PRVT_OPER,EN_DIRECTORY) VALUES('01030201','待审批列表','admin','print/manageprintaprvjob.action','_image/ico/default.gif','N','N');
INSERT INTO SEC_OPER(OPER_CODE,OPER_NAME,SUBSYS_CODE,WEB_URL,ICON_PATH,EN_PRVT_OPER,EN_DIRECTORY) VALUES('01030202','查看审批记录','admin','print/viewprintaprvjob.action','_image/ico/default.gif','N','N');
INSERT INTO SEC_OPER(OPER_CODE,OPER_NAME,SUBSYS_CODE,WEB_URL,ICON_PATH,EN_PRVT_OPER,EN_DIRECTORY) VALUES('010303','特殊打印','admin',NULL,NULL,'N','Y');
INSERT INTO SEC_OPER(OPER_CODE,OPER_NAME,SUBSYS_CODE,WEB_URL,ICON_PATH,EN_PRVT_OPER,EN_DIRECTORY) VALUES('01030301','特殊打印流程','admin','print/addspecialprintevent.action','_image/ico/default.gif','N','N');
INSERT INTO SEC_OPER(OPER_CODE,OPER_NAME,SUBSYS_CODE,WEB_URL,ICON_PATH,EN_PRVT_OPER,EN_DIRECTORY) VALUES('01030302','查看申请记录','admin','print/managespecialprintevent.action','_image/ico/default.gif','N','N');
INSERT INTO SEC_OPER(OPER_CODE,OPER_NAME,SUBSYS_CODE,WEB_URL,ICON_PATH,EN_PRVT_OPER,EN_DIRECTORY) VALUES('010304','特殊打印管理','admin',NULL,NULL,'N','Y');
INSERT INTO SEC_OPER(OPER_CODE,OPER_NAME,SUBSYS_CODE,WEB_URL,ICON_PATH,EN_PRVT_OPER,EN_DIRECTORY) VALUES('01030401','特殊打印管理','admin','print/managespecialprintlist.action','_image/ico/default.gif','N','N');
INSERT INTO SEC_OPER(OPER_CODE,OPER_NAME,SUBSYS_CODE,WEB_URL,ICON_PATH,EN_PRVT_OPER,EN_DIRECTORY) VALUES('01030402','特殊打印记录','admin','print/specialprintpaperhistory.action','_image/ico/default.gif','N','N');

INSERT INTO SEC_OPER(OPER_CODE,OPER_NAME,SUBSYS_CODE,WEB_URL,ICON_PATH,EN_PRVT_OPER,EN_DIRECTORY) VALUES('011101','文件台帐','admin',NULL,NULL,'N','Y');
INSERT INTO SEC_OPER(OPER_CODE,OPER_NAME,SUBSYS_CODE,WEB_URL,ICON_PATH,EN_PRVT_OPER,EN_DIRECTORY) VALUES('01110101','个人文件台帐','admin','ledger/viewselfpaperledger.action','_image/ico/default.gif','N','N');
---INSERT INTO SEC_OPER(OPER_CODE,OPER_NAME,SUBSYS_CODE,WEB_URL,ICON_PATH,EN_PRVT_OPER,EN_DIRECTORY) VALUES('01110102','处理申请记录','admin','ledger/managehandlepaper.action','_image/ico/default.gif','N','N');
INSERT INTO SEC_OPER(OPER_CODE,OPER_NAME,SUBSYS_CODE,WEB_URL,ICON_PATH,EN_PRVT_OPER,EN_DIRECTORY) VALUES('01110103','销毁申请记录','admin','ledger/destroypaperapply.action','_image/ico/default.gif','N','N');
INSERT INTO SEC_OPER(OPER_CODE,OPER_NAME,SUBSYS_CODE,WEB_URL,ICON_PATH,EN_PRVT_OPER,EN_DIRECTORY) VALUES('01110104','外发申请记录','admin','ledger/sendpaperapply.action','_image/ico/default.gif','N','N');
INSERT INTO SEC_OPER(OPER_CODE,OPER_NAME,SUBSYS_CODE,WEB_URL,ICON_PATH,EN_PRVT_OPER,EN_DIRECTORY) VALUES('01110105','归档申请记录','admin','ledger/filepaperapply.action','_image/ico/default.gif','N','N');
INSERT INTO SEC_OPER(OPER_CODE,OPER_NAME,SUBSYS_CODE,WEB_URL,ICON_PATH,EN_PRVT_OPER,EN_DIRECTORY) VALUES('01110106','延期申请记录','admin','ledger/delaypaperapply.action','_image/ico/default.gif','N','N');
INSERT INTO SEC_OPER(OPER_CODE,OPER_NAME,SUBSYS_CODE,WEB_URL,ICON_PATH,EN_PRVT_OPER,EN_DIRECTORY) VALUES('01110107','待回收文件台账','admin','ledger/viewselfpaperrecycleledger.action','_image/ico/default.gif','N','N');
INSERT INTO SEC_OPER(OPER_CODE,OPER_NAME,SUBSYS_CODE,WEB_URL,ICON_PATH,EN_PRVT_OPER,EN_DIRECTORY) VALUES('01110111','监销申请记录','admin','ledger/manageselfdestroypaperjob.action','_image/ico/default.gif','N','N');
INSERT INTO SEC_OPER(OPER_CODE,OPER_NAME,SUBSYS_CODE,WEB_URL,ICON_PATH,EN_PRVT_OPER,EN_DIRECTORY) VALUES('01110112','个人涉密文件台帐','admin','ledger/viewselfsecuritypaperledger.action','_image/ico/default.gif','N','N');
INSERT INTO SEC_OPER(OPER_CODE,OPER_NAME,SUBSYS_CODE,WEB_URL,ICON_PATH,EN_PRVT_OPER,EN_DIRECTORY) VALUES('01110114','台账合并条码输出','admin','ledger/viewmergeentityledger.action','_image/ico/default.gif','N','N');
INSERT INTO SEC_OPER(OPER_CODE,OPER_NAME,SUBSYS_CODE,WEB_URL,ICON_PATH,EN_PRVT_OPER,EN_DIRECTORY) VALUES('01110115','台账合并申请记录','admin','ledger/mergepaperapply.action','_image/ico/default.gif','N','N');																												
INSERT INTO SEC_OPER(OPER_CODE,OPER_NAME,SUBSYS_CODE,WEB_URL,ICON_PATH,EN_PRVT_OPER,EN_DIRECTORY) VALUES('01120201','个人文件台帐','admin','ledger/viewdeptuserpaperledger.action','_image/ico/default.gif','N','N');
	
INSERT INTO SEC_OPER(OPER_CODE,OPER_NAME,SUBSYS_CODE,WEB_URL,ICON_PATH,EN_PRVT_OPER,EN_DIRECTORY) VALUES('011301','文件销毁','admin',NULL,NULL,'N','Y');
INSERT INTO SEC_OPER(OPER_CODE,OPER_NAME,SUBSYS_CODE,WEB_URL,ICON_PATH,EN_PRVT_OPER,EN_DIRECTORY) VALUES('01130101','文件回收','admin','ledger/viewpaper.action','_image/ico/default.gif','N','N');
---INSERT INTO SEC_OPER(OPER_CODE,OPER_NAME,SUBSYS_CODE,WEB_URL,ICON_PATH,EN_PRVT_OPER,EN_DIRECTORY) VALUES('01130102','文件销毁','admin','ledger/viewretrievedpaper.action','_image/ico/default.gif','N','N');
---INSERT INTO SEC_OPER(OPER_CODE,OPER_NAME,SUBSYS_CODE,WEB_URL,ICON_PATH,EN_PRVT_OPER,EN_DIRECTORY) VALUES('01130103','已销毁列表','admin','ledger/viewdestroypaper.action','_image/ico/default.gif','N','N');
INSERT INTO SEC_OPER(OPER_CODE,OPER_NAME,SUBSYS_CODE,WEB_URL,ICON_PATH,EN_PRVT_OPER,EN_DIRECTORY) VALUES('01130106','文件销毁','admin','ledger/viewretrievedpaper.action','_image/ico/default.gif','N','N');
INSERT INTO SEC_OPER(OPER_CODE,OPER_NAME,SUBSYS_CODE,WEB_URL,ICON_PATH,EN_PRVT_OPER,EN_DIRECTORY) VALUES('01130107','已销毁列表','admin','ledger/viewdestroypaper.action','_image/ico/default.gif','N','N');
INSERT INTO SEC_OPER(OPER_CODE,OPER_NAME,SUBSYS_CODE,WEB_URL,ICON_PATH,EN_PRVT_OPER,EN_DIRECTORY) VALUES('01130104','文件送销','admin','ledger/viewrecycledpaper.action','_image/ico/default.gif','N','N');
INSERT INTO SEC_OPER(OPER_CODE,OPER_NAME,SUBSYS_CODE,WEB_URL,ICON_PATH,EN_PRVT_OPER,EN_DIRECTORY) VALUES('01130105','已送销列表','admin','ledger/viewsenddestroypaper.action','_image/ico/default.gif','N','N');
INSERT INTO SEC_OPER(OPER_CODE,OPER_NAME,SUBSYS_CODE,WEB_URL,ICON_PATH,EN_PRVT_OPER,EN_DIRECTORY) VALUES('01130108','替换页回收','admin','ledger/viewreplacepage.action','_image/ico/default.gif','N','N');
INSERT INTO SEC_OPER(OPER_CODE,OPER_NAME,SUBSYS_CODE,WEB_URL,ICON_PATH,EN_PRVT_OPER,EN_DIRECTORY) VALUES('01130109','替换页销毁','admin','ledger/viewdestroyreplacepage.action','_image/ico/default.gif','N','N');
INSERT INTO SEC_OPER(OPER_CODE,OPER_NAME,SUBSYS_CODE,WEB_URL,ICON_PATH,EN_PRVT_OPER,EN_DIRECTORY) VALUES('01130110','监销确认','admin','ledger/supervisedestroypaper.action','_image/ico/default.gif','N','N');
INSERT INTO SEC_OPER(OPER_CODE,OPER_NAME,SUBSYS_CODE,WEB_URL,ICON_PATH,EN_PRVT_OPER,EN_DIRECTORY) VALUES('01130111','已监销确认记录','admin','ledger/viewsupervisedestroypaper.action','_image/ico/default.gif','N','N');
INSERT INTO SEC_OPER(OPER_CODE,OPER_NAME,SUBSYS_CODE,WEB_URL,ICON_PATH,EN_PRVT_OPER,EN_DIRECTORY) VALUES('011302','文件外发','admin',NULL,NULL,'N','Y');
INSERT INTO SEC_OPER(OPER_CODE,OPER_NAME,SUBSYS_CODE,WEB_URL,ICON_PATH,EN_PRVT_OPER,EN_DIRECTORY) VALUES('01130201','文件外发确认','admin','ledger/handlesendpaper.action','_image/ico/default.gif','N','N');
INSERT INTO SEC_OPER(OPER_CODE,OPER_NAME,SUBSYS_CODE,WEB_URL,ICON_PATH,EN_PRVT_OPER,EN_DIRECTORY) VALUES('01130202','已外发列表','admin','ledger/viewsendpaper.action','_image/ico/default.gif','N','N');
INSERT INTO SEC_OPER(OPER_CODE,OPER_NAME,SUBSYS_CODE,WEB_URL,ICON_PATH,EN_PRVT_OPER,EN_DIRECTORY) VALUES('01130203','已拒绝外发列表','admin','ledger/viewrejectsendpaper.action','_image/ico/default.gif','N','N');
INSERT INTO SEC_OPER(OPER_CODE,OPER_NAME,SUBSYS_CODE,WEB_URL,ICON_PATH,EN_PRVT_OPER,EN_DIRECTORY) VALUES('011306','打印标记','admin',NULL,NULL,'N','Y');
INSERT INTO SEC_OPER(OPER_CODE,OPER_NAME,SUBSYS_CODE,WEB_URL,ICON_PATH,EN_PRVT_OPER,EN_DIRECTORY) VALUES('01130601','标记打印失败','admin','ledger/viewpaperprintresult.action','_image/ico/default.gif','N','N');
INSERT INTO SEC_OPER(OPER_CODE,OPER_NAME,SUBSYS_CODE,WEB_URL,ICON_PATH,EN_PRVT_OPER,EN_DIRECTORY) VALUES('01130602','补打拼图条码','admin','ledger/viewgraphpaper.action','_image/ico/default.gif','N','N');
INSERT INTO SEC_OPER(OPER_CODE,OPER_NAME,SUBSYS_CODE,WEB_URL,ICON_PATH,EN_PRVT_OPER,EN_DIRECTORY) VALUES('011307','文件归档','admin',NULL,NULL,'N','Y');
INSERT INTO SEC_OPER(OPER_CODE,OPER_NAME,SUBSYS_CODE,WEB_URL,ICON_PATH,EN_PRVT_OPER,EN_DIRECTORY) VALUES('01130701','待归档文件','admin','basic/viewapplypaperfile.action','_image/ico/default.gif','N','N');
INSERT INTO SEC_OPER(OPER_CODE,OPER_NAME,SUBSYS_CODE,WEB_URL,ICON_PATH,EN_PRVT_OPER,EN_DIRECTORY) VALUES('01130702','已归档文件','admin','basic/viewfilepaper.action','_image/ico/default.gif','N','N');
--INSERT INTO SEC_OPER(OPER_CODE,OPER_NAME,SUBSYS_CODE,WEB_URL,ICON_PATH,EN_PRVT_OPER,EN_DIRECTORY) VALUES('01130703','已归档记录','admin','ledger/managefilepaperevent.action','_image/ico/default.gif','N','N');
INSERT INTO SEC_OPER(OPER_CODE,OPER_NAME,SUBSYS_CODE,WEB_URL,ICON_PATH,EN_PRVT_OPER,EN_DIRECTORY) VALUES('01130901','文件总台帐','admin','ledger/managepaperledger.action','_image/ico/default.gif','N','N');
INSERT INTO SEC_OPER(OPER_CODE,OPER_NAME,SUBSYS_CODE,WEB_URL,ICON_PATH,EN_PRVT_OPER,EN_DIRECTORY) VALUES('01130903','打印纸张统计','admin','basic/viewpaperstatic.action','_image/ico/default.gif','N','N');
INSERT INTO SEC_OPER(OPER_CODE,OPER_NAME,SUBSYS_CODE,WEB_URL,ICON_PATH,EN_PRVT_OPER,EN_DIRECTORY) VALUES('01130905','纸张密级统计','admin','basic/viewpaperstaticbyseclv.action','_image/ico/default.gif','N','N');
INSERT INTO SEC_OPER(OPER_CODE,OPER_NAME,SUBSYS_CODE,WEB_URL,ICON_PATH,EN_PRVT_OPER,EN_DIRECTORY) VALUES('01130906','纸张颜色统计','admin','basic/viewpaperstaticbycolor.action','_image/ico/default.gif','N','N');
INSERT INTO SEC_OPER(OPER_CODE,OPER_NAME,SUBSYS_CODE,WEB_URL,ICON_PATH,EN_PRVT_OPER,EN_DIRECTORY) VALUES('01130907','纸张单双面统计','admin','basic/viewpaperstaticbydouble.action','_image/ico/default.gif','N','N');
INSERT INTO SEC_OPER(OPER_CODE,OPER_NAME,SUBSYS_CODE,WEB_URL,ICON_PATH,EN_PRVT_OPER,EN_DIRECTORY) VALUES('01130908','纸张类型统计','admin','basic/viewpaperstaticbysize.action','_image/ico/default.gif','N','N');
INSERT INTO SEC_OPER(OPER_CODE,OPER_NAME,SUBSYS_CODE,WEB_URL,ICON_PATH,EN_PRVT_OPER,EN_DIRECTORY) VALUES('01130909','纸张总统计','admin','basic/viewpaperstaticbyall.action','_image/ico/default.gif','N','N');
INSERT INTO SEC_OPER(OPER_CODE,OPER_NAME,SUBSYS_CODE,WEB_URL,ICON_PATH,EN_PRVT_OPER,EN_DIRECTORY) VALUES('01130910','纸张折合率','admin','ledger/viewpaperconversionrate.action','_image/ico/default.gif','N','N');
INSERT INTO SEC_OPER(OPER_CODE,OPER_NAME,SUBSYS_CODE,WEB_URL,ICON_PATH,EN_PRVT_OPER,EN_DIRECTORY) VALUES('011310','文件闭环审批','admin',NULL,NULL,'N','Y');
INSERT INTO SEC_OPER(OPER_CODE,OPER_NAME,SUBSYS_CODE,WEB_URL,ICON_PATH,EN_PRVT_OPER,EN_DIRECTORY) VALUES('01131001','待审批列表','admin','basic/managehandlejob.action?type=PAPER','_image/ico/default.gif','N','N');
INSERT INTO SEC_OPER(OPER_CODE,OPER_NAME,SUBSYS_CODE,WEB_URL,ICON_PATH,EN_PRVT_OPER,EN_DIRECTORY) VALUES('01131002','查看审批记录','admin','basic/viewhandlejob.action?type=PAPER','_image/ico/default.gif','N','N');

---科研工作手册自主销毁:监销确认、已监销确认记录
INSERT INTO SEC_OPER(OPER_CODE,OPER_NAME,SUBSYS_CODE,WEB_URL,ICON_PATH,EN_PRVT_OPER,EN_DIRECTORY) VALUES('011320','科研工作手册销毁','admin',NULL,NULL,'N','Y');
INSERT INTO SEC_OPER(OPER_CODE,OPER_NAME,SUBSYS_CODE,WEB_URL,ICON_PATH,EN_PRVT_OPER,EN_DIRECTORY) VALUES('01132001','监销确认','admin','ledger/supervisedestroysecretpaper.action','_image/ico/default.gif','N','N');
INSERT INTO SEC_ROLE_OPER(ROLE_ID,OPER_CODE) VALUES ('11','01132001');
INSERT INTO SEC_OPER(OPER_CODE,OPER_NAME,SUBSYS_CODE,WEB_URL,ICON_PATH,EN_PRVT_OPER,EN_DIRECTORY) VALUES('01132002','已监销确认记录','admin','ledger/viewsupervisedestroysecretpaper.action','_image/ico/default.gif','N','N');
INSERT INTO SEC_ROLE_OPER(ROLE_ID,OPER_CODE) VALUES ('11','01132002');

INSERT INTO SEC_OPER(OPER_CODE,OPER_NAME,SUBSYS_CODE,WEB_URL,ICON_PATH,EN_PRVT_OPER,EN_DIRECTORY) VALUES('011109','个人非密闭环','admin',NULL,NULL,'N','Y');
INSERT INTO SEC_OPER(OPER_CODE,OPER_NAME,SUBSYS_CODE,WEB_URL,ICON_PATH,EN_PRVT_OPER,EN_DIRECTORY) VALUES('01110901','个人销毁闭环任务','admin','ledger/selfclosedprocess.action','_image/ico/default.gif','N','N');
INSERT INTO SEC_OPER(OPER_CODE,OPER_NAME,SUBSYS_CODE,WEB_URL,ICON_PATH,EN_PRVT_OPER,EN_DIRECTORY) VALUES('01110902','个人外发闭环任务','admin','ledger/selfclosedsendprocess.action','_image/ico/default.gif','N','N');

---
--- Table: SEC_ROLE_OPER 配置各角色权限
---
INSERT INTO SEC_ROLE_OPER(ROLE_ID,OPER_CODE) VALUES ('2','01020114');
INSERT INTO SEC_ROLE_OPER(ROLE_ID,OPER_CODE) VALUES ('2','01020306');
INSERT INTO SEC_ROLE_OPER(ROLE_ID,OPER_CODE) VALUES ('2','01020310');
INSERT INTO SEC_ROLE_OPER(ROLE_ID,OPER_CODE) VALUES ('2','01020501');
INSERT INTO SEC_ROLE_OPER(ROLE_ID,OPER_CODE) VALUES ('2','01020502');
INSERT INTO SEC_ROLE_OPER(ROLE_ID,OPER_CODE) VALUES ('3','01130901');
INSERT INTO SEC_ROLE_OPER(ROLE_ID,OPER_CODE) VALUES ('5','01130101');
INSERT INTO SEC_ROLE_OPER(ROLE_ID,OPER_CODE) VALUES ('5','01130104');
INSERT INTO SEC_ROLE_OPER(ROLE_ID,OPER_CODE) VALUES ('5','01130105');
INSERT INTO SEC_ROLE_OPER(ROLE_ID,OPER_CODE) VALUES ('5','01130108');
INSERT INTO SEC_ROLE_OPER(ROLE_ID,OPER_CODE) VALUES ('6','01120201');
INSERT INTO SEC_ROLE_OPER(ROLE_ID,OPER_CODE) VALUES ('9','01130701');
INSERT INTO SEC_ROLE_OPER(ROLE_ID,OPER_CODE) VALUES ('9','01130702');
--INSERT INTO SEC_ROLE_OPER(ROLE_ID,OPER_CODE) VALUES ('9','01130703');
INSERT INTO SEC_ROLE_OPER(ROLE_ID,OPER_CODE) VALUES ('10','01030201');
INSERT INTO SEC_ROLE_OPER(ROLE_ID,OPER_CODE) VALUES ('10','01030202');
INSERT INTO SEC_ROLE_OPER(ROLE_ID,OPER_CODE) VALUES ('10','01131001');
INSERT INTO SEC_ROLE_OPER(ROLE_ID,OPER_CODE) VALUES ('10','01131002');
INSERT INTO SEC_ROLE_OPER(ROLE_ID,OPER_CODE) VALUES ('11','01030101');
INSERT INTO SEC_ROLE_OPER(ROLE_ID,OPER_CODE) VALUES ('11','01030102');
INSERT INTO SEC_ROLE_OPER(ROLE_ID,OPER_CODE) VALUES ('11','010303');
INSERT INTO SEC_ROLE_OPER(ROLE_ID,OPER_CODE) VALUES ('11','01030301');
INSERT INTO SEC_ROLE_OPER(ROLE_ID,OPER_CODE) VALUES ('11','01030302');
INSERT INTO SEC_ROLE_OPER(ROLE_ID,OPER_CODE) VALUES ('14','01030401');
INSERT INTO SEC_ROLE_OPER(ROLE_ID,OPER_CODE) VALUES ('14','01030402');
INSERT INTO SEC_ROLE_OPER(ROLE_ID,OPER_CODE) VALUES ('11','01110101');
---INSERT INTO SEC_ROLE_OPER(ROLE_ID,OPER_CODE) VALUES ('11','01110102');
INSERT INTO SEC_ROLE_OPER(ROLE_ID,OPER_CODE) VALUES ('11','01110103');
INSERT INTO SEC_ROLE_OPER(ROLE_ID,OPER_CODE) VALUES ('11','01110104');
INSERT INTO SEC_ROLE_OPER(ROLE_ID,OPER_CODE) VALUES ('11','01110105');
INSERT INTO SEC_ROLE_OPER(ROLE_ID,OPER_CODE) VALUES ('11','01110106');
INSERT INTO SEC_ROLE_OPER(ROLE_ID,OPER_CODE) VALUES ('11','01110107');
INSERT INTO SEC_ROLE_OPER(ROLE_ID,OPER_CODE) VALUES ('11','01110111');
INSERT INTO SEC_ROLE_OPER(ROLE_ID,OPER_CODE) VALUES ('12','01130201');
INSERT INTO SEC_ROLE_OPER(ROLE_ID,OPER_CODE) VALUES ('12','01130202');
INSERT INTO SEC_ROLE_OPER(ROLE_ID,OPER_CODE) VALUES ('12','01130203');
INSERT INTO SEC_ROLE_OPER(ROLE_ID,OPER_CODE) VALUES ('14','01020110');
INSERT INTO SEC_ROLE_OPER(ROLE_ID,OPER_CODE) VALUES ('14','01130601');
INSERT INTO SEC_ROLE_OPER(ROLE_ID,OPER_CODE) VALUES ('14','01130903');
INSERT INTO SEC_ROLE_OPER(ROLE_ID,OPER_CODE) VALUES ('20','01130602');
---INSERT INTO SEC_ROLE_OPER(ROLE_ID,OPER_CODE) VALUES ('16','01130102');
---INSERT INTO SEC_ROLE_OPER(ROLE_ID,OPER_CODE) VALUES ('16','01130103');
INSERT INTO SEC_ROLE_OPER(ROLE_ID,OPER_CODE) VALUES ('16','01130106');
INSERT INTO SEC_ROLE_OPER(ROLE_ID,OPER_CODE) VALUES ('16','01130107');
INSERT INTO SEC_ROLE_OPER(ROLE_ID,OPER_CODE) VALUES ('16','01130109');
INSERT INTO SEC_ROLE_OPER(ROLE_ID,OPER_CODE) VALUES ('11','01130110');
INSERT INTO SEC_ROLE_OPER(ROLE_ID,OPER_CODE) VALUES ('11','01130111');
INSERT INTO SEC_ROLE_OPER(ROLE_ID,OPER_CODE) VALUES ('17','01130905');
INSERT INTO SEC_ROLE_OPER(ROLE_ID,OPER_CODE) VALUES ('17','01130906');
INSERT INTO SEC_ROLE_OPER(ROLE_ID,OPER_CODE) VALUES ('17','01130907');
INSERT INTO SEC_ROLE_OPER(ROLE_ID,OPER_CODE) VALUES ('17','01130908');
INSERT INTO SEC_ROLE_OPER(ROLE_ID,OPER_CODE) VALUES ('17','01130909');
INSERT INTO SEC_ROLE_OPER(ROLE_ID,OPER_CODE) VALUES ('17','01130910');

---个人涉密文件台账
INSERT INTO SEC_ROLE_OPER(ROLE_ID,OPER_CODE) VALUES ('11','01110112');
---台账合并菜单
INSERT INTO SEC_ROLE_OPER(ROLE_ID,OPER_CODE) VALUES ('6','01110114');
INSERT INTO SEC_ROLE_OPER(ROLE_ID,OPER_CODE) VALUES ('11','01110115');

---非密个人台账中进行自行闭环-角色配置-默认不开启
---INSERT INTO SEC_ROLE_OPER(ROLE_ID,OPER_CODE) VALUES ('11','01110901');
---INSERT INTO SEC_ROLE_OPER(ROLE_ID,OPER_CODE) VALUES ('11','01110902');
---
--- Table: SYS_MODULE 系统模块配置
---
INSERT INTO SYS_MODULE(MODULE_CODE,MODULE_NAME) VALUES ('PRINT','打印功能模块');

---
--- Table: SEC_CONFIG 设置默认系统配置
---
INSERT INTO SEC_CONFIG(ITEM_KEY,ITEM_NAME,ITEM_VALUE,ITEM_TYPE) VALUES ('PRINT_VALID_DAYS','打印任务有效时间','7','PRINT');
INSERT INTO SEC_CONFIG(ITEM_KEY,ITEM_NAME,ITEM_VALUE,ITEM_TYPE) VALUES ('REPPRINT_VALID_DAYS','补打有效时间','7','PRINT');
INSERT INTO SEC_CONFIG(ITEM_KEY,ITEM_NAME,ITEM_VALUE,ITEM_TYPE) VALUES ('REPPRINT_TIMES','补打限制次数','20','PRINT');
INSERT INTO SEC_CONFIG(ITEM_KEY,ITEM_NAME,ITEM_VALUE,ITEM_TYPE,STARTUSE) VALUES ('KEYWORD','关键字检测',null,'PRINT_KW',0);
INSERT INTO SEC_CONFIG(ITEM_KEY,ITEM_NAME,ITEM_VALUE,ITEM_TYPE,STARTUSE) VALUES ('AUTO_UNLOCK_TIME','自动解锁打印作业时间','10','AUTO_UNLOCK_TIME',0);