---
--- Table: SEC_ROLE 系统内置角色(role_type=1)，三员角色2,普通角色3，特殊角色4
---
INSERT INTO SEC_ROLE(ROLE_ID,ROLE_NAME,SUBSYS_CODE,ROLE_DESC,ROLE_TYPE,ROLE_SPEC_KEY) 
	VALUES('13','复印管理员','admin','负责纸质涉密文件的复印',3,'');
---
--- Table: SEC_OPER 初始化操作列表，仅包含安全模块，其他业务模块的操作列表应该列在其他初始化数据sql文件中
---
INSERT INTO SEC_OPER(OPER_CODE,OPER_NAME,SUBSYS_CODE,WEB_URL,ICON_PATH,EN_PRVT_OPER,EN_DIRECTORY) VALUES('0105','复印管理','admin',NULL,NULL,'N','Y');
INSERT INTO SEC_OPER(OPER_CODE,OPER_NAME,SUBSYS_CODE,WEB_URL,ICON_PATH,EN_PRVT_OPER,EN_DIRECTORY) VALUES('010501','内部复印申请','admin',NULL,NULL,'N','Y');
INSERT INTO SEC_OPER(OPER_CODE,OPER_NAME,SUBSYS_CODE,WEB_URL,ICON_PATH,EN_PRVT_OPER,EN_DIRECTORY) VALUES('01050101','提交复印申请','admin','copy/submitcopyeventbyledger.action','_image/ico/default.gif','N','N');
INSERT INTO SEC_OPER(OPER_CODE,OPER_NAME,SUBSYS_CODE,WEB_URL,ICON_PATH,EN_PRVT_OPER,EN_DIRECTORY) VALUES('01050102','查看申请记录','admin','copy/managecopyjob.action','_image/ico/default.gif','N','N');
INSERT INTO SEC_OPER(OPER_CODE,OPER_NAME,SUBSYS_CODE,WEB_URL,ICON_PATH,EN_PRVT_OPER,EN_DIRECTORY) VALUES('010502','内部复印审批','admin',NULL,NULL,'N','Y');
INSERT INTO SEC_OPER(OPER_CODE,OPER_NAME,SUBSYS_CODE,WEB_URL,ICON_PATH,EN_PRVT_OPER,EN_DIRECTORY) VALUES('01050201','待审批列表','admin','copy/managecopyaprvjob.action','_image/ico/default.gif','N','N');
INSERT INTO SEC_OPER(OPER_CODE,OPER_NAME,SUBSYS_CODE,WEB_URL,ICON_PATH,EN_PRVT_OPER,EN_DIRECTORY) VALUES('01050202','查看审批记录','admin','copy/viewcopyaprvjob.action','_image/ico/default.gif','N','N');


INSERT INTO SEC_OPER(OPER_CODE,OPER_NAME,SUBSYS_CODE,WEB_URL,ICON_PATH,EN_PRVT_OPER,EN_DIRECTORY) VALUES('010503','外来复印申请','admin',NULL,NULL,'N','Y');
INSERT INTO SEC_OPER(OPER_CODE,OPER_NAME,SUBSYS_CODE,WEB_URL,ICON_PATH,EN_PRVT_OPER,EN_DIRECTORY) VALUES('01050301','提交复印申请','admin','copy/addcopyeventbyenter.action','_image/ico/default.gif','N','N');
INSERT INTO SEC_OPER(OPER_CODE,OPER_NAME,SUBSYS_CODE,WEB_URL,ICON_PATH,EN_PRVT_OPER,EN_DIRECTORY) VALUES('01050302','查看申请记录','admin','copy/managecopyjobbyenter.action','_image/ico/default.gif','N','N');
INSERT INTO SEC_OPER(OPER_CODE,OPER_NAME,SUBSYS_CODE,WEB_URL,ICON_PATH,EN_PRVT_OPER,EN_DIRECTORY) VALUES('010504','外来复印审批','admin',NULL,NULL,'N','Y');
INSERT INTO SEC_OPER(OPER_CODE,OPER_NAME,SUBSYS_CODE,WEB_URL,ICON_PATH,EN_PRVT_OPER,EN_DIRECTORY) VALUES('01050401','待审批列表','admin','copy/managecopyaprvjobbyenter.action','_image/ico/default.gif','N','N');
INSERT INTO SEC_OPER(OPER_CODE,OPER_NAME,SUBSYS_CODE,WEB_URL,ICON_PATH,EN_PRVT_OPER,EN_DIRECTORY) VALUES('01050402','查看审批记录','admin','copy/viewcopyaprvjobbyenter.action','_image/ico/default.gif','N','N');
INSERT INTO SEC_OPER(OPER_CODE,OPER_NAME,SUBSYS_CODE,WEB_URL,ICON_PATH,EN_PRVT_OPER,EN_DIRECTORY) VALUES('010505','复印管理','admin',NULL,NULL,'N','Y');
INSERT INTO SEC_OPER(OPER_CODE,OPER_NAME,SUBSYS_CODE,WEB_URL,ICON_PATH,EN_PRVT_OPER,EN_DIRECTORY) VALUES('01050501','复印申请列表','admin','copy/managecopyeventlist.action','_image/ico/default.gif','N','N');
INSERT INTO SEC_OPER(OPER_CODE,OPER_NAME,SUBSYS_CODE,WEB_URL,ICON_PATH,EN_PRVT_OPER,EN_DIRECTORY) VALUES('01050502','补打条码(内)','admin','copy/viewcopypaperledger.action','_image/ico/default.gif','N','N');
INSERT INTO SEC_OPER(OPER_CODE,OPER_NAME,SUBSYS_CODE,WEB_URL,ICON_PATH,EN_PRVT_OPER,EN_DIRECTORY) VALUES('01050503','补打条码(外)','admin','copy/viewcopypaperledgerbyenter.action','_image/ico/default.gif','N','N');

---新增合并复印菜单  2017.6.7 
INSERT INTO SEC_OPER(OPER_CODE,OPER_NAME,SUBSYS_CODE,WEB_URL,ICON_PATH,EN_PRVT_OPER,EN_DIRECTORY) VALUES('010507','合并复印管理','admin',NULL,NULL,'N','Y');
INSERT INTO SEC_OPER(OPER_CODE,OPER_NAME,SUBSYS_CODE,WEB_URL,ICON_PATH,EN_PRVT_OPER,EN_DIRECTORY) VALUES('01050701','复印申请列表','admin','copy/managecopyeventlistbymerge.action','_image/ico/default.gif','N','N');
INSERT INTO SEC_OPER(OPER_CODE,OPER_NAME,SUBSYS_CODE,WEB_URL,ICON_PATH,EN_PRVT_OPER,EN_DIRECTORY) VALUES('01050702','补打条码','admin','copy/viewcopypaperledgerbymerge.action','_image/ico/default.gif','N','N');
	
---
--- Table: SEC_ROLE_OPER 配置各角色权限
---
INSERT INTO SEC_ROLE_OPER(ROLE_ID,OPER_CODE) VALUES ('11','01050101');
INSERT INTO SEC_ROLE_OPER(ROLE_ID,OPER_CODE) VALUES ('11','01050102');
INSERT INTO SEC_ROLE_OPER(ROLE_ID,OPER_CODE) VALUES ('10','01050201');
INSERT INTO SEC_ROLE_OPER(ROLE_ID,OPER_CODE) VALUES ('10','01050202');
INSERT INTO SEC_ROLE_OPER(ROLE_ID,OPER_CODE) VALUES ('11','01050301');
INSERT INTO SEC_ROLE_OPER(ROLE_ID,OPER_CODE) VALUES ('11','01050302');
INSERT INTO SEC_ROLE_OPER(ROLE_ID,OPER_CODE) VALUES ('10','01050401');
INSERT INTO SEC_ROLE_OPER(ROLE_ID,OPER_CODE) VALUES ('10','01050402');
INSERT INTO SEC_ROLE_OPER(ROLE_ID,OPER_CODE) VALUES ('13','01050501');
INSERT INTO SEC_ROLE_OPER(ROLE_ID,OPER_CODE) VALUES ('13','01050502');
INSERT INTO SEC_ROLE_OPER(ROLE_ID,OPER_CODE) VALUES ('13','01050503');
INSERT INTO SEC_ROLE_OPER(ROLE_ID,OPER_CODE) VALUES ('13','01020110');

INSERT INTO SEC_ROLE_OPER(ROLE_ID,OPER_CODE) VALUES ('13','01050701');
INSERT INTO SEC_ROLE_OPER(ROLE_ID,OPER_CODE) VALUES ('13','01050702');

          
---
--- Table: SYS_MODULE 系统模块配置
---
INSERT INTO SYS_MODULE(MODULE_CODE,MODULE_NAME) VALUES ('COPY','复印功能模块');
INSERT INTO SYS_MODULE(MODULE_CODE,MODULE_NAME) VALUES ('OUTCOPY','外来文件复印功能模块');

--- Table: SEC_CONFIG 交接确认配置
INSERT INTO SEC_CONFIG(ITEM_KEY,ITEM_NAME,ITEM_VALUE,ITEM_TYPE,STARTUSE) VALUES ('COPY_CONFIRM','复印模块交接确认',null,'CONFIRM',0);
