---
--- Table: SEC_ROLE 系统内置角色(role_type=1)，三员角色2,普通角色3，特殊角色4
---
INSERT INTO SEC_ROLE(ROLE_ID,ROLE_NAME,SUBSYS_CODE,ROLE_DESC,ROLE_TYPE,ROLE_SPEC_KEY) 
	VALUES('7','磁介质管理员','admin','负责笔记本、移动硬盘等磁介质的录入、分配、回收等',3,'');

---
--- Table: SEC_OPER 初始化操作列表，仅包含打印模块，其他业务模块的操作列表应该列在其他初始化数据sql文件中
---
INSERT INTO SEC_OPER(OPER_CODE,OPER_NAME,SUBSYS_CODE,WEB_URL,ICON_PATH,EN_PRVT_OPER,EN_DIRECTORY) VALUES('0107','磁介质载体管理','admin',NULL,NULL,'N','Y');
INSERT INTO SEC_OPER(OPER_CODE,OPER_NAME,SUBSYS_CODE,WEB_URL,ICON_PATH,EN_PRVT_OPER,EN_DIRECTORY) VALUES('010701','申请借用','admin',NULL,NULL,'N','Y');
INSERT INTO SEC_OPER(OPER_CODE,OPER_NAME,SUBSYS_CODE,WEB_URL,ICON_PATH,EN_PRVT_OPER,EN_DIRECTORY) VALUES('01070101','添加借用申请','admin','device/adddeviceprocessjob.action','_image/ico/default.gif','N','N');
INSERT INTO SEC_OPER(OPER_CODE,OPER_NAME,SUBSYS_CODE,WEB_URL,ICON_PATH,EN_PRVT_OPER,EN_DIRECTORY) VALUES('01070102','查看申请记录','admin','device/managedevicejob.action','_image/ico/default.gif','N','N');
INSERT INTO SEC_OPER(OPER_CODE,OPER_NAME,SUBSYS_CODE,WEB_URL,ICON_PATH,EN_PRVT_OPER,EN_DIRECTORY) VALUES('010702','借用审批','admin',NULL,NULL,'N','Y');
INSERT INTO SEC_OPER(OPER_CODE,OPER_NAME,SUBSYS_CODE,WEB_URL,ICON_PATH,EN_PRVT_OPER,EN_DIRECTORY) VALUES('01070201','待审批列表','admin','device/managedeviceaprvjob.action','_image/ico/default.gif','N','N');
INSERT INTO SEC_OPER(OPER_CODE,OPER_NAME,SUBSYS_CODE,WEB_URL,ICON_PATH,EN_PRVT_OPER,EN_DIRECTORY) VALUES('01070202','查看审批记录','admin','device/viewdeviceaprvjob.action','_image/ico/default.gif','N','N');
INSERT INTO SEC_OPER(OPER_CODE,OPER_NAME,SUBSYS_CODE,WEB_URL,ICON_PATH,EN_PRVT_OPER,EN_DIRECTORY) VALUES('010703','磁介质管理','admin',NULL,NULL,'N','Y');
INSERT INTO SEC_OPER(OPER_CODE,OPER_NAME,SUBSYS_CODE,WEB_URL,ICON_PATH,EN_PRVT_OPER,EN_DIRECTORY) VALUES('01070301','磁介质录入','admin','device/adddevice.action','_image/ico/default.gif','N','N');
INSERT INTO SEC_OPER(OPER_CODE,OPER_NAME,SUBSYS_CODE,WEB_URL,ICON_PATH,EN_PRVT_OPER,EN_DIRECTORY) VALUES('01070302','磁介质管理','admin','device/managedevice.action','_image/ico/default.gif','N','N');
INSERT INTO SEC_OPER(OPER_CODE,OPER_NAME,SUBSYS_CODE,WEB_URL,ICON_PATH,EN_PRVT_OPER,EN_DIRECTORY) VALUES('01070303','销毁申请列表','admin','device/managehandledevice.action','_image/ico/default.gif','N','N');
INSERT INTO SEC_OPER(OPER_CODE,OPER_NAME,SUBSYS_CODE,WEB_URL,ICON_PATH,EN_PRVT_OPER,EN_DIRECTORY) VALUES('010704','借用分配','admin',NULL,NULL,'N','Y');
INSERT INTO SEC_OPER(OPER_CODE,OPER_NAME,SUBSYS_CODE,WEB_URL,ICON_PATH,EN_PRVT_OPER,EN_DIRECTORY) VALUES('01070401','借用申请列表','admin','device/viewdeviceeventlist.action','_image/ico/default.gif','N','N');
INSERT INTO SEC_OPER(OPER_CODE,OPER_NAME,SUBSYS_CODE,WEB_URL,ICON_PATH,EN_PRVT_OPER,EN_DIRECTORY) VALUES('010705','销毁审批','admin',NULL,NULL,'N','Y');
INSERT INTO SEC_OPER(OPER_CODE,OPER_NAME,SUBSYS_CODE,WEB_URL,ICON_PATH,EN_PRVT_OPER,EN_DIRECTORY) VALUES('01070501','待审批列表','admin','basic/managehandlejob.action?type=DEVICE','_image/ico/default.gif','N','N');
INSERT INTO SEC_OPER(OPER_CODE,OPER_NAME,SUBSYS_CODE,WEB_URL,ICON_PATH,EN_PRVT_OPER,EN_DIRECTORY) VALUES('01070502','查看审批记录','admin','basic/viewhandlejob.action?type=DEVICE','_image/ico/default.gif','N','N');

INSERT INTO SEC_OPER(OPER_CODE,OPER_NAME,SUBSYS_CODE,WEB_URL,ICON_PATH,EN_PRVT_OPER,EN_DIRECTORY) VALUES('011103','磁介质台帐','admin',NULL,NULL,'N','Y');
INSERT INTO SEC_OPER(OPER_CODE,OPER_NAME,SUBSYS_CODE,WEB_URL,ICON_PATH,EN_PRVT_OPER,EN_DIRECTORY) VALUES('01110301','磁介质借用台帐','admin','ledger/viewpersonaldeviceledger.action','_image/ico/default.gif','N','N');
																												
---
--- Table: SEC_ROLE_OPER 配置各角色权限
---
INSERT INTO SEC_ROLE_OPER(ROLE_ID,OPER_CODE) VALUES ('7','01070301');
INSERT INTO SEC_ROLE_OPER(ROLE_ID,OPER_CODE) VALUES ('7','01070302');
INSERT INTO SEC_ROLE_OPER(ROLE_ID,OPER_CODE) VALUES ('7','01070303');
INSERT INTO SEC_ROLE_OPER(ROLE_ID,OPER_CODE) VALUES ('7','01070401');
INSERT INTO SEC_ROLE_OPER(ROLE_ID,OPER_CODE) VALUES ('10','01070201');
INSERT INTO SEC_ROLE_OPER(ROLE_ID,OPER_CODE) VALUES ('10','01070202');
INSERT INTO SEC_ROLE_OPER(ROLE_ID,OPER_CODE) VALUES ('10','01070501');
INSERT INTO SEC_ROLE_OPER(ROLE_ID,OPER_CODE) VALUES ('10','01070502');
INSERT INTO SEC_ROLE_OPER(ROLE_ID,OPER_CODE) VALUES ('11','01070101');
INSERT INTO SEC_ROLE_OPER(ROLE_ID,OPER_CODE) VALUES ('11','01070102');
INSERT INTO SEC_ROLE_OPER(ROLE_ID,OPER_CODE) VALUES ('11','01110301');
          
---
--- Table: SYS_MODULE 系统模块配置
---
INSERT INTO SYS_MODULE(MODULE_CODE,MODULE_NAME) VALUES ('DEVICE','磁介质功能模块');
---
--- Table: SEC_CONFIG 设置默认系统配置
---
INSERT INTO SEC_CONFIG(ITEM_KEY,ITEM_NAME,ITEM_VALUE,ITEM_TYPE,STARTUSE) VALUES ('DEVICE_BR_CONFIRM','磁介质借用模块交接确认',null,'CONFIRM',0);
INSERT INTO SEC_CONFIG(ITEM_KEY,ITEM_NAME,ITEM_VALUE,ITEM_TYPE,STARTUSE) VALUES ('DEVICE_RT_CONFIRM','磁介质归还模块交接确认',null,'CONFIRM',0);
---
--- Table: MED_TYPE 磁介质类型配置
---
INSERT INTO MED_TYPE(ID,TYPENAME) VALUES (1,'U盘');
INSERT INTO MED_TYPE(ID,TYPENAME) VALUES (2,'移动硬盘');
INSERT INTO MED_TYPE(ID,TYPENAME) VALUES (3,'便携式计算机');
INSERT INTO MED_TYPE(ID,TYPENAME) VALUES (4,'照相机');
INSERT INTO MED_TYPE(ID,TYPENAME) VALUES (5,'录像机');
INSERT INTO MED_TYPE(ID,TYPENAME) VALUES (6,'录音笔');
INSERT INTO MED_TYPE(ID,TYPENAME) VALUES (8,'软盘');
INSERT INTO MED_TYPE(ID,TYPENAME) VALUES (9,'磁带');
INSERT INTO MED_TYPE(ID,TYPENAME) VALUES (10,'录像带');
INSERT INTO MED_TYPE(ID,TYPENAME) VALUES (11,'录音带');
INSERT INTO MED_TYPE(ID,TYPENAME) VALUES (12,'移动光驱');
INSERT INTO MED_TYPE(ID,TYPENAME) VALUES (13,'红黑电源');
INSERT INTO MED_TYPE(ID,TYPENAME) VALUES (14,'安全设备');
INSERT INTO MED_TYPE(ID,TYPENAME) VALUES (15,'多功能导入装置');
INSERT INTO MED_TYPE(ID,TYPENAME) VALUES (16,'硬盘');