---
--- Table: SEC_OPER 初始化操作列表，仅包含打印模块，其他业务模块的操作列表应该列在其他初始化数据sql文件中
---
---INSERT INTO SEC_OPER(OPER_CODE,OPER_NAME,SUBSYS_CODE,WEB_URL,ICON_PATH,EN_PRVT_OPER,EN_DIRECTORY) VALUES('01060102','提交审批单','admin','enter/submitenterevent.action','_image/ico/default.gif','N','N');
---INSERT INTO SEC_OPER(OPER_CODE,OPER_NAME,SUBSYS_CODE,WEB_URL,ICON_PATH,EN_PRVT_OPER,EN_DIRECTORY) VALUES('01060103','查看申请记录','admin','enter/manageenterlistjob.action','_image/ico/default.gif','N','N');
if exists (select 1 from SYS_MODULE where MODULE_CODE = 'PRINT')
	INSERT INTO SEC_OPER(OPER_CODE,OPER_NAME,SUBSYS_CODE,WEB_URL,ICON_PATH,EN_PRVT_OPER,EN_DIRECTORY) VALUES('01060106','部门文件录入申请','admin','enter/adddeptpaperenterevent.action','_image/ico/default.gif','N','N');
if exists (select 1 from SYS_MODULE where MODULE_CODE = 'BURN')
	INSERT INTO SEC_OPER(OPER_CODE,OPER_NAME,SUBSYS_CODE,WEB_URL,ICON_PATH,EN_PRVT_OPER,EN_DIRECTORY) VALUES('01060107','部门光盘录入申请','admin','enter/adddeptcdenterevent.action','_image/ico/default.gif','N','N');

INSERT INTO SEC_OPER(OPER_CODE,OPER_NAME,SUBSYS_CODE,WEB_URL,ICON_PATH,EN_PRVT_OPER,EN_DIRECTORY) VALUES('0108','部门载体借用管理','admin',NULL,NULL,'N','Y');
INSERT INTO SEC_OPER(OPER_CODE,OPER_NAME,SUBSYS_CODE,WEB_URL,ICON_PATH,EN_PRVT_OPER,EN_DIRECTORY) VALUES('010801','申请借用','admin',NULL,NULL,'N','Y');
if exists (select 1 from SYS_MODULE where MODULE_CODE = 'PRINT')
	INSERT INTO SEC_OPER(OPER_CODE,OPER_NAME,SUBSYS_CODE,WEB_URL,ICON_PATH,EN_PRVT_OPER,EN_DIRECTORY) VALUES('01080101','文件借用申请','admin','borrow/viewborrowpaper.action','_image/ico/default.gif','N','N');
if exists (select 1 from SYS_MODULE where MODULE_CODE = 'BURN')
	INSERT INTO SEC_OPER(OPER_CODE,OPER_NAME,SUBSYS_CODE,WEB_URL,ICON_PATH,EN_PRVT_OPER,EN_DIRECTORY) VALUES('01080102','光盘借用申请','admin','borrow/viewborrowcd.action','_image/ico/default.gif','N','N');
INSERT INTO SEC_OPER(OPER_CODE,OPER_NAME,SUBSYS_CODE,WEB_URL,ICON_PATH,EN_PRVT_OPER,EN_DIRECTORY) VALUES('01080103','查看申请记录','admin','borrow/viewpersonalborrowledger.action','_image/ico/default.gif','N','N');
INSERT INTO SEC_OPER(OPER_CODE,OPER_NAME,SUBSYS_CODE,WEB_URL,ICON_PATH,EN_PRVT_OPER,EN_DIRECTORY) VALUES('010802','载体借用审批','admin',NULL,NULL,'N','Y');
INSERT INTO SEC_OPER(OPER_CODE,OPER_NAME,SUBSYS_CODE,WEB_URL,ICON_PATH,EN_PRVT_OPER,EN_DIRECTORY) VALUES('01080201','待审批列表','admin','basic/manageaprvjob.action?type=BORROW','_image/ico/default.gif','N','N');
INSERT INTO SEC_OPER(OPER_CODE,OPER_NAME,SUBSYS_CODE,WEB_URL,ICON_PATH,EN_PRVT_OPER,EN_DIRECTORY) VALUES('01080202','查看审批记录','admin','basic/viewaprvjob.action?type=BORROW','_image/ico/default.gif','N','N');
INSERT INTO SEC_OPER(OPER_CODE,OPER_NAME,SUBSYS_CODE,WEB_URL,ICON_PATH,EN_PRVT_OPER,EN_DIRECTORY) VALUES('010803','载体借用交接','admin',NULL,NULL,'N','Y');
if exists (select 1 from SYS_MODULE where MODULE_CODE = 'PRINT')
	INSERT INTO SEC_OPER(OPER_CODE,OPER_NAME,SUBSYS_CODE,WEB_URL,ICON_PATH,EN_PRVT_OPER,EN_DIRECTORY) VALUES('01080301','文件交接确认','admin','borrow/confirmpaperborrow.action','_image/ico/default.gif','N','N');
if exists (select 1 from SYS_MODULE where MODULE_CODE = 'BURN')
	INSERT INTO SEC_OPER(OPER_CODE,OPER_NAME,SUBSYS_CODE,WEB_URL,ICON_PATH,EN_PRVT_OPER,EN_DIRECTORY) VALUES('01080302','光盘交接确认','admin','borrow/confirmcdborrow.action','_image/ico/default.gif','N','N');

INSERT INTO SEC_OPER(OPER_CODE,OPER_NAME,SUBSYS_CODE,WEB_URL,ICON_PATH,EN_PRVT_OPER,EN_DIRECTORY) VALUES('011104','公共载体借用台帐','admin',NULL,NULL,'N','Y');
if exists (select 1 from SYS_MODULE where MODULE_CODE = 'PRINT')
	INSERT INTO SEC_OPER(OPER_CODE,OPER_NAME,SUBSYS_CODE,WEB_URL,ICON_PATH,EN_PRVT_OPER,EN_DIRECTORY) VALUES('01110401','文件借用台帐','admin','borrow/viewpaperborrowledger.action','_image/ico/default.gif','N','N');
if exists (select 1 from SYS_MODULE where MODULE_CODE = 'BURN')
	INSERT INTO SEC_OPER(OPER_CODE,OPER_NAME,SUBSYS_CODE,WEB_URL,ICON_PATH,EN_PRVT_OPER,EN_DIRECTORY) VALUES('01110402','光盘借用台帐','admin','borrow/viewcdborrowledger.action','_image/ico/default.gif','N','N');

INSERT INTO SEC_OPER(OPER_CODE,OPER_NAME,SUBSYS_CODE,WEB_URL,ICON_PATH,EN_PRVT_OPER,EN_DIRECTORY) VALUES('011201','公共载体台帐','admin',NULL,NULL,'N','Y');
if exists (select 1 from SYS_MODULE where MODULE_CODE = 'PRINT')
INSERT INTO SEC_OPER(OPER_CODE,OPER_NAME,SUBSYS_CODE,WEB_URL,ICON_PATH,EN_PRVT_OPER,EN_DIRECTORY) VALUES('01120101','公共文件台帐','admin','ledger/viewdeptpaperledger.action','_image/ico/default.gif','N','N');
if exists (select 1 from SYS_MODULE where MODULE_CODE = 'BURN')
INSERT INTO SEC_OPER(OPER_CODE,OPER_NAME,SUBSYS_CODE,WEB_URL,ICON_PATH,EN_PRVT_OPER,EN_DIRECTORY) VALUES('01120102','公共光盘台帐','admin','ledger/viewdeptcdledger.action','_image/ico/default.gif','N','N');
	
	
INSERT INTO SEC_OPER(OPER_CODE,OPER_NAME,SUBSYS_CODE,WEB_URL,ICON_PATH,EN_PRVT_OPER,EN_DIRECTORY) VALUES('0115','载体归属转换管理','admin',NULL,NULL,'N','Y');
INSERT INTO SEC_OPER(OPER_CODE,OPER_NAME,SUBSYS_CODE,WEB_URL,ICON_PATH,EN_PRVT_OPER,EN_DIRECTORY) VALUES('011501','归属转换申请','admin',NULL,NULL,'N','Y');	
if exists (select 1 from SYS_MODULE where MODULE_CODE = 'PRINT')
	INSERT INTO SEC_OPER(OPER_CODE,OPER_NAME,SUBSYS_CODE,WEB_URL,ICON_PATH,EN_PRVT_OPER,EN_DIRECTORY) VALUES('01150101','个人转部门文件','admin','change/viewpersonalpaperledger.action','_image/ico/default.gif','N','N');
if exists (select 1 from SYS_MODULE where MODULE_CODE = 'PRINT')
	INSERT INTO SEC_OPER(OPER_CODE,OPER_NAME,SUBSYS_CODE,WEB_URL,ICON_PATH,EN_PRVT_OPER,EN_DIRECTORY) VALUES('01150102','部门转个人文件','admin',' change/viewdeptpaperledger.action','_image/ico/default.gif','N','N');
if exists (select 1 from SYS_MODULE where MODULE_CODE = 'BURN')
	INSERT INTO SEC_OPER(OPER_CODE,OPER_NAME,SUBSYS_CODE,WEB_URL,ICON_PATH,EN_PRVT_OPER,EN_DIRECTORY) VALUES('01150103',' 个人转部门光盘','admin','change/viewpersonalcdledger.action','_image/ico/default.gif','N','N');
if exists (select 1 from SYS_MODULE where MODULE_CODE = 'BURN')
	INSERT INTO SEC_OPER(OPER_CODE,OPER_NAME,SUBSYS_CODE,WEB_URL,ICON_PATH,EN_PRVT_OPER,EN_DIRECTORY) VALUES('01150104',' 部门转个人光盘','admin','change/viewdeptcdledger.action','_image/ico/default.gif','N','N');
INSERT INTO SEC_OPER(OPER_CODE,OPER_NAME,SUBSYS_CODE,WEB_URL,ICON_PATH,EN_PRVT_OPER,EN_DIRECTORY) VALUES('01150105','查看申请记录','admin','change/managechangejob.action','_image/ico/default.gif','N','N');
INSERT INTO SEC_OPER(OPER_CODE,OPER_NAME,SUBSYS_CODE,WEB_URL,ICON_PATH,EN_PRVT_OPER,EN_DIRECTORY) VALUES('011502','归属转换审批','admin',NULL,NULL,'N','Y');
INSERT INTO SEC_OPER(OPER_CODE,OPER_NAME,SUBSYS_CODE,WEB_URL,ICON_PATH,EN_PRVT_OPER,EN_DIRECTORY) VALUES('01150201','待审批列表','admin','change/managechangeaprvjob.action','_image/ico/default.gif','N','N');
INSERT INTO SEC_OPER(OPER_CODE,OPER_NAME,SUBSYS_CODE,WEB_URL,ICON_PATH,EN_PRVT_OPER,EN_DIRECTORY) VALUES('01150202','查看审批记录','admin','change/viewchangeaprvjob.action','_image/ico/default.gif','N','N');
INSERT INTO SEC_OPER(OPER_CODE,OPER_NAME,SUBSYS_CODE,WEB_URL,ICON_PATH,EN_PRVT_OPER,EN_DIRECTORY) VALUES('011503','归属转换管理','admin',NULL,NULL,'N','Y');
INSERT INTO SEC_OPER(OPER_CODE,OPER_NAME,SUBSYS_CODE,WEB_URL,ICON_PATH,EN_PRVT_OPER,EN_DIRECTORY) VALUES('01150301','载体归属转换','admin','change/managechangeeventlist.action','_image/ico/default.gif','N','N');
	
---
--- Table: SEC_ROLE_OPER 配置各角色权限
---
---INSERT INTO SEC_ROLE_OPER(ROLE_ID,OPER_CODE) VALUES ('6','01060102');
INSERT INTO SEC_ROLE_OPER(ROLE_ID,OPER_CODE) VALUES ('6','01060103');
if exists (select 1 from SYS_MODULE where MODULE_CODE = 'PRINT')
	INSERT INTO SEC_ROLE_OPER(ROLE_ID,OPER_CODE) VALUES ('6','01060106');
if exists (select 1 from SYS_MODULE where MODULE_CODE = 'BURN')
	INSERT INTO SEC_ROLE_OPER(ROLE_ID,OPER_CODE) VALUES ('6','01060107');
if exists (select 1 from SYS_MODULE where MODULE_CODE = 'PRINT')
	INSERT INTO SEC_ROLE_OPER(ROLE_ID,OPER_CODE) VALUES ('6','01080301');
if exists (select 1 from SYS_MODULE where MODULE_CODE = 'BURN')
	INSERT INTO SEC_ROLE_OPER(ROLE_ID,OPER_CODE) VALUES ('6','01080302');
if exists (select 1 from SYS_MODULE where MODULE_CODE = 'PRINT')
	INSERT INTO SEC_ROLE_OPER(ROLE_ID,OPER_CODE) VALUES ('6','01120101');
if exists (select 1 from SYS_MODULE where MODULE_CODE = 'BURN')
	INSERT INTO SEC_ROLE_OPER(ROLE_ID,OPER_CODE) VALUES ('6','01120102');
INSERT INTO SEC_ROLE_OPER(ROLE_ID,OPER_CODE) VALUES ('10','01080201');
INSERT INTO SEC_ROLE_OPER(ROLE_ID,OPER_CODE) VALUES ('10','01080202');
if exists (select 1 from SYS_MODULE where MODULE_CODE = 'PRINT')
	INSERT INTO SEC_ROLE_OPER(ROLE_ID,OPER_CODE) VALUES ('11','01080101');
if exists (select 1 from SYS_MODULE where MODULE_CODE = 'BURN')
	INSERT INTO SEC_ROLE_OPER(ROLE_ID,OPER_CODE) VALUES ('11','01080102');
INSERT INTO SEC_ROLE_OPER(ROLE_ID,OPER_CODE) VALUES ('11','01080103');
if exists (select 1 from SYS_MODULE where MODULE_CODE = 'PRINT')
	INSERT INTO SEC_ROLE_OPER(ROLE_ID,OPER_CODE) VALUES ('11','01110401');
if exists (select 1 from SYS_MODULE where MODULE_CODE = 'BURN')
	INSERT INTO SEC_ROLE_OPER(ROLE_ID,OPER_CODE) VALUES ('11','01110402');
if exists (select 1 from SYS_MODULE where MODULE_CODE = 'PRINT')
	INSERT INTO SEC_ROLE_OPER(ROLE_ID,OPER_CODE) VALUES ('6','01150101'); 
if exists (select 1 from SYS_MODULE where MODULE_CODE = 'PRINT') 
	INSERT INTO SEC_ROLE_OPER(ROLE_ID,OPER_CODE) VALUES ('6','01150102'); 
if exists (select 1 from SYS_MODULE where MODULE_CODE = 'BURN')
	INSERT INTO SEC_ROLE_OPER(ROLE_ID,OPER_CODE) VALUES ('6','01150103'); 
if exists (select 1 from SYS_MODULE where MODULE_CODE = 'BURN')
	INSERT INTO SEC_ROLE_OPER(ROLE_ID,OPER_CODE) VALUES ('6','01150104'); 
INSERT INTO SEC_ROLE_OPER(ROLE_ID,OPER_CODE) VALUES ('6','01150105'); 
INSERT INTO SEC_ROLE_OPER(ROLE_ID,OPER_CODE) VALUES ('10','01150201');
INSERT INTO SEC_ROLE_OPER(ROLE_ID,OPER_CODE) VALUES ('10','01150202');
INSERT INTO SEC_ROLE_OPER(ROLE_ID,OPER_CODE) VALUES ('6','01150301');     
  
---
--- Table: SYS_MODULE 系统模块配置
---
INSERT INTO SYS_MODULE(MODULE_CODE,MODULE_NAME) VALUES ('BORROW','借用功能模块');
INSERT INTO SYS_MODULE(MODULE_CODE,MODULE_NAME) VALUES ('CHANGE','载体归属转换模块');
---
--- Table: SEC_CONFIG 设置默认系统配置
---
INSERT INTO SEC_CONFIG(ITEM_KEY,ITEM_NAME,ITEM_VALUE,ITEM_TYPE,STARTUSE) VALUES ('READ_BR_CONFIRM','部门载体借用模块交接确认',null,'CONFIRM',0);
INSERT INTO SEC_CONFIG(ITEM_KEY,ITEM_NAME,ITEM_VALUE,ITEM_TYPE,STARTUSE) VALUES ('READ_RT_CONFIRM','部门载体归还模块交接确认',null,'CONFIRM',0);