USE [cclcm]
GO

---
---先删除关联表，再删除外键依赖表，最后删除外键被依赖表
---
delete from SYS_MODULE;
delete from SEC_CONFIG;
delete from SEC_ROLE_USER;
delete from SEC_ROLE_OPER;
delete from SEC_USER;
delete from SEC_DEPT;
delete from SEC_DEPT_LEVEL;
delete from SEC_OPER;
delete from SEC_ROLE;
delete from SEC_SUBSYS;
delete from SYS_SECLEVEL;
delete from SEC_USER_SECLV;
delete from REAL_USER;
delete from USER_SECURITY;
---
--- Table: SEC_DEPT_LEVEL
---
INSERT INTO SEC_DEPT_LEVEL (DEPT_LEVEL_CODE, DEPT_LEVEL_NAME, DEPT_LEVEL_DESC) 
	VALUES(1,'单位','高等级机构，该等级的机构不需要设置机构类型，如京航所。');
INSERT INTO SEC_DEPT_LEVEL (DEPT_LEVEL_CODE, DEPT_LEVEL_NAME, DEPT_LEVEL_DESC) 
	VALUES(2,'部门','中等级机构，该等级的机构需要设置机构类型，如第N研究室，综合办等。');
INSERT INTO SEC_DEPT_LEVEL (DEPT_LEVEL_CODE, DEPT_LEVEL_NAME, DEPT_LEVEL_DESC) 
	VALUES(3,'班组','低等级机构，该等级的机构需要设置机构类型，如产品研发班组等。');

---
--- Table: SEC_USER_SECLV
---
INSERT INTO SEC_USER_SECLV (SECLV_CODE, SECLV_NAME, SECLV_RANK) VALUES(1,'机密',1);
INSERT INTO SEC_USER_SECLV (SECLV_CODE, SECLV_NAME, SECLV_RANK) VALUES(2,'核心商秘',2);
INSERT INTO SEC_USER_SECLV (SECLV_CODE, SECLV_NAME, SECLV_RANK) VALUES(3,'秘密',3);
INSERT INTO SEC_USER_SECLV (SECLV_CODE, SECLV_NAME, SECLV_RANK) VALUES(4,'普通商秘',4);
INSERT INTO SEC_USER_SECLV (SECLV_CODE, SECLV_NAME, SECLV_RANK) VALUES(5,'内部',5);
INSERT INTO SEC_USER_SECLV (SECLV_CODE, SECLV_NAME, SECLV_RANK) VALUES(6,'非密',6);
---
--- Table: SYS_SECLEVEL
---
INSERT INTO SYS_SECLEVEL (SECLV_CODE, LEAK_TIME,ARCHIVE_TIME,ALLOW_REPRINT,IS_PAPER_AUDIT,IS_CD_AUDIT) VALUES(1,20,180,0,'N','N');
INSERT INTO SYS_SECLEVEL (SECLV_CODE, LEAK_TIME,ARCHIVE_TIME,ALLOW_REPRINT,IS_PAPER_AUDIT,IS_CD_AUDIT) VALUES(2,5,180,0,'N','N');
INSERT INTO SYS_SECLEVEL (SECLV_CODE, LEAK_TIME,ARCHIVE_TIME,ALLOW_REPRINT,IS_PAPER_AUDIT,IS_CD_AUDIT) VALUES(3,10,180,0,'N','N');
INSERT INTO SYS_SECLEVEL (SECLV_CODE, LEAK_TIME,ARCHIVE_TIME,ALLOW_REPRINT,IS_PAPER_AUDIT,IS_CD_AUDIT) VALUES(4,3,180,0,'N','N');
INSERT INTO SYS_SECLEVEL (SECLV_CODE, LEAK_TIME,ARCHIVE_TIME,ALLOW_REPRINT,IS_PAPER_AUDIT,IS_CD_AUDIT) VALUES(5,1,180,0,'N','N');
INSERT INTO SYS_SECLEVEL (SECLV_CODE, LEAK_TIME,ARCHIVE_TIME,ALLOW_REPRINT,IS_PAPER_AUDIT,IS_CD_AUDIT) VALUES(6,1,180,0,'N','N');
---
--- Table: USER_SECURITY
---
INSERT INTO USER_SECURITY (SECURITY_CODE, SECURITY_NAME,PRINT_VALUE,COPY_VALUE,IMPORT_VALUE,BURN_VALUE,DEVICE_VALUE) VALUES('1','核心涉密人员','|1|2|3|4|5|6|','|1|2|3|4|5|6|','|1|2|3|4|5|6|','|1|2|3|4|5|6|','|1|2|3|4|5|6|');
INSERT INTO USER_SECURITY (SECURITY_CODE, SECURITY_NAME,PRINT_VALUE,COPY_VALUE,IMPORT_VALUE,BURN_VALUE,DEVICE_VALUE) VALUES('2','重要涉密人员','|3|4|5|6|','|3|4|5|6|','|3|4|5|6|','|3|4|5|6|','|3|4|5|6|');
INSERT INTO USER_SECURITY (SECURITY_CODE, SECURITY_NAME,PRINT_VALUE,COPY_VALUE,IMPORT_VALUE,BURN_VALUE,DEVICE_VALUE) VALUES('3','一般涉密人员','|5|6|','|5|6|','|5|6|','|5|6|','|5|6|');
INSERT INTO USER_SECURITY (SECURITY_CODE, SECURITY_NAME,PRINT_VALUE,COPY_VALUE,IMPORT_VALUE,BURN_VALUE,DEVICE_VALUE) VALUES('4','非涉密人员','|6|','|6|','|6|','|6|','|6|');

---
--- Table: SEC_SUBSYS
---
INSERT INTO SEC_SUBSYS (SUBSYS_CODE, SUBSYS_NAME, SUBSYS_DESC,OPER_CODE_PREFIX) VALUES('admin','WEB维护管理系统','维护本WEB系统的功能、权限、系统参数设置等','01'); 

---
--- Table: REAL_USER
---
INSERT INTO REAL_USER (REAL_USER_ID) VALUES ('sysadmin1');
INSERT INTO REAL_USER (REAL_USER_ID) VALUES ('sysadmin2');
INSERT INTO REAL_USER (REAL_USER_ID) VALUES ('secadmin1');
INSERT INTO REAL_USER (REAL_USER_ID) VALUES ('secadmin2');
INSERT INTO REAL_USER (REAL_USER_ID) VALUES ('audadmin1');
INSERT INTO REAL_USER (REAL_USER_ID) VALUES ('audadmin2');

---
--- Table: SEC_DEPT 根机构，系统初始化后可以修改名称
---
INSERT INTO SEC_DEPT(DEPT_ID,DEPT_NAME,DEPT_LEVEL_CODE,DEPT_CS,DEPT_PARENT_ID) VALUES ('01','根机构名称',1,'01',null);

---初始化部门排序
update sec_dept set dept_rank=dept_cs;
---
--- Table: SEC_USER
---
INSERT INTO SEC_USER (USER_IIDD,USER_NAME,USER_PPWW,DEPT_ID,STATUS,SECURITY_CODE,USER_TYPE) VALUES 
    ('admin', '管理员', 'dacbc6296e2c7708877aa2c65bc71f66','01',0,2,0);
INSERT INTO SEC_USER (USER_IIDD,REAL_USER_ID,USER_NAME,USER_PPWW,DEPT_ID,STATUS,SECURITY_CODE,USER_TYPE) VALUES 
    ('sysadmin1', 'sysadmin1', '系统管理员', 'ed317f03cfd878109640cb78acf2ee00','01',0,2,1);
INSERT INTO SEC_USER (USER_IIDD,REAL_USER_ID,USER_NAME,USER_PPWW,DEPT_ID,STATUS,SECURITY_CODE,USER_TYPE) VALUES 
    ('sysadmin2', 'sysadmin2', '系统管理员', 'ed317f03cfd878109640cb78acf2ee00','01',0,2,1);
INSERT INTO SEC_USER (USER_IIDD,REAL_USER_ID,USER_NAME,USER_PPWW,DEPT_ID,STATUS,SECURITY_CODE,USER_TYPE) VALUES 
    ('secadmin1', 'secadmin1', '安全管理员', 'ed317f03cfd878109640cb78acf2ee00','01',0,2,1);
INSERT INTO SEC_USER (USER_IIDD,REAL_USER_ID,USER_NAME,USER_PPWW,DEPT_ID,STATUS,SECURITY_CODE,USER_TYPE) VALUES 
    ('secadmin2', 'secadmin2', '安全管理员', 'ed317f03cfd878109640cb78acf2ee00','01',0,2,1);
INSERT INTO SEC_USER (USER_IIDD,REAL_USER_ID,USER_NAME,USER_PPWW,DEPT_ID,STATUS,SECURITY_CODE,USER_TYPE) VALUES 
    ('audadmin1', 'audadmin1', '审计管理员', 'ed317f03cfd878109640cb78acf2ee00','01',0,2,1);
INSERT INTO SEC_USER (USER_IIDD,REAL_USER_ID,USER_NAME,USER_PPWW,DEPT_ID,STATUS,SECURITY_CODE,USER_TYPE) VALUES 
    ('audadmin2', 'audadmin2', '审计管理员', 'ed317f03cfd878109640cb78acf2ee00','01',0,2,1);

---
--- Table: SEC_ROLE 系统内置角色(role_type=1)，三员角色2,普通角色3，特殊角色4
---
INSERT INTO SEC_ROLE(ROLE_ID,ROLE_NAME,SUBSYS_CODE,ROLE_DESC,ROLE_TYPE) 
	VALUES('1','运维管理员','admin','系统内置角色，WEB平台的管理员',1);
INSERT INTO SEC_ROLE(ROLE_ID,ROLE_NAME,SUBSYS_CODE,ROLE_DESC,ROLE_TYPE,ROLE_SPEC_KEY) 
	VALUES('2','系统管理员','admin','系统内置角色，WEB平台的系统管理员',2,'SYS');
INSERT INTO SEC_ROLE(ROLE_ID,ROLE_NAME,SUBSYS_CODE,ROLE_DESC,ROLE_TYPE,ROLE_SPEC_KEY) 
	VALUES('3','安全管理员','admin','系统内置角色，WEB平台的安全管理员',2,'SEC');
INSERT INTO SEC_ROLE(ROLE_ID,ROLE_NAME,SUBSYS_CODE,ROLE_DESC,ROLE_TYPE,ROLE_SPEC_KEY) 
	VALUES('4','审计管理员','admin','系统内置角色，WEB平台的审计管理员',2,'AUD');
INSERT INTO SEC_ROLE(ROLE_ID,ROLE_NAME,SUBSYS_CODE,ROLE_DESC,ROLE_TYPE,ROLE_SPEC_KEY) 
	VALUES('5','回收管理员','admin','负责涉密载体的回收、销毁',3,'');
INSERT INTO SEC_ROLE(ROLE_ID,ROLE_NAME,SUBSYS_CODE,ROLE_DESC,ROLE_TYPE,ROLE_SPEC_KEY) 
	VALUES('6','部门秘书','admin','负责外来载体录入及部门载体借出等操作',3,'');
INSERT INTO SEC_ROLE(ROLE_ID,ROLE_NAME,SUBSYS_CODE,ROLE_DESC,ROLE_TYPE,ROLE_SPEC_KEY) 
	VALUES('9','归档管理员','admin','负责涉密载体的归档',3,'');
INSERT INTO SEC_ROLE(ROLE_ID,ROLE_NAME,SUBSYS_CODE,ROLE_DESC,ROLE_TYPE,ROLE_SPEC_KEY) 
	VALUES('10','可审批用户','admin','可审批并查看申请',3,'LEADER');
INSERT INTO SEC_ROLE(ROLE_ID,ROLE_NAME,SUBSYS_CODE,ROLE_DESC,ROLE_TYPE,ROLE_SPEC_KEY) 
	VALUES('11','普通用户','admin','拥有提交并查看申请状态的权限',3,'WORKER');
INSERT INTO SEC_ROLE(ROLE_ID,ROLE_NAME,SUBSYS_CODE,ROLE_DESC,ROLE_TYPE,ROLE_SPEC_KEY) 
	VALUES('12','外发管理员','admin','负责涉密载体的外发处理',3,'');
INSERT INTO SEC_ROLE(ROLE_ID,ROLE_NAME,SUBSYS_CODE,ROLE_DESC,ROLE_TYPE,ROLE_SPEC_KEY) 
	VALUES('16','销毁管理员','admin','负责涉密载体的销毁标记',3,'');
---密级变更
---INSERT INTO SEC_ROLE(ROLE_ID,ROLE_NAME,SUBSYS_CODE,ROLE_DESC,ROLE_TYPE,ROLE_SPEC_KEY) 
----	VALUES('24','密级变更管理员','admin','对密级变更审批后确认，然后重新输出条码',3,'');

INSERT INTO SEC_ROLE(ROLE_ID,ROLE_NAME,SUBSYS_CODE,ROLE_DESC,ROLE_TYPE,ROLE_SPEC_KEY) 
	VALUES('24','密级变更管理员','admin','对密级变更审批后确认，然后重新输出条码',3,'');
INSERT INTO SEC_ROLE(ROLE_ID,ROLE_NAME,SUBSYS_CODE,ROLE_DESC,ROLE_TYPE,ROLE_SPEC_KEY) 
    VALUES('101','外带管理员','admin','负责处理带回的文件和光盘',3,'');
INSERT INTO SEC_ROLE(ROLE_ID,ROLE_NAME,SUBSYS_CODE,ROLE_DESC,ROLE_TYPE,ROLE_SPEC_KEY) 
    VALUES('102','外带查询员','admin','负责查看带回的文件和光盘记录',3,'');
INSERT INTO SEC_ROLE(ROLE_ID,ROLE_NAME,SUBSYS_CODE,ROLE_DESC,ROLE_TYPE,ROLE_SPEC_KEY) 
    VALUES('110','定密管理员','admin','负责涉密打印申请的审批',3,'');
INSERT INTO SEC_ROLE(ROLE_ID,ROLE_NAME,SUBSYS_CODE,ROLE_DESC,ROLE_TYPE,ROLE_SPEC_KEY) 
	VALUES('666','无审批独立模式','admin','不需要审批的独立模式，配置此角色可直接输出',3,'');

---
--- Table: SEC_ROLE_USER 为admin添加内置角色1
---
INSERT INTO SEC_ROLE_USER VALUES('admin','1',null,null,null,null);
INSERT INTO SEC_ROLE_USER VALUES('sysadmin1','2',null,null,null,null);
INSERT INTO SEC_ROLE_USER VALUES('sysadmin2','2',null,null,null,null);
INSERT INTO SEC_ROLE_USER VALUES('secadmin1','3',null,null,null,null);
INSERT INTO SEC_ROLE_USER VALUES('secadmin2','3',null,null,null,null);
INSERT INTO SEC_ROLE_USER VALUES('audadmin1','4',null,null,null,null);
INSERT INTO SEC_ROLE_USER VALUES('audadmin2','4',null,null,null,null);
	
---
--- Table: SEC_OPER 初始化操作列表，仅包含安全模块，其他业务模块的操作列表应该列在其他初始化数据sql文件中
---
INSERT INTO SEC_OPER(OPER_CODE,OPER_NAME,SUBSYS_CODE,WEB_URL,ICON_PATH,EN_PRVT_OPER,EN_DIRECTORY) VALUES('01','系统权限列表','admin',NULL,NULL,'N','Y');

INSERT INTO SEC_OPER(OPER_CODE,OPER_NAME,SUBSYS_CODE,WEB_URL,ICON_PATH,EN_PRVT_OPER,EN_DIRECTORY) VALUES('0101','首页','admin',NULL,NULL,'N','Y');
INSERT INTO SEC_OPER(OPER_CODE,OPER_NAME,SUBSYS_CODE,WEB_URL,ICON_PATH,EN_PRVT_OPER,EN_DIRECTORY) VALUES('010101','待办任务','admin',NULL,NULL,'N','Y');
INSERT INTO SEC_OPER(OPER_CODE,OPER_NAME,SUBSYS_CODE,WEB_URL,ICON_PATH,EN_PRVT_OPER,EN_DIRECTORY) VALUES('01010101','查看详情','admin','client/clienttask.action','_image/ico/default.gif','N','N');

INSERT INTO SEC_OPER(OPER_CODE,OPER_NAME,SUBSYS_CODE,WEB_URL,ICON_PATH,EN_PRVT_OPER,EN_DIRECTORY) VALUES('0102','系统管理','admin',NULL,NULL,'N','Y');
INSERT INTO SEC_OPER(OPER_CODE,OPER_NAME,SUBSYS_CODE,WEB_URL,ICON_PATH,EN_PRVT_OPER,EN_DIRECTORY) VALUES('010201','安全管理','admin',NULL,NULL,'N','Y');
---INSERT INTO SEC_OPER(OPER_CODE,OPER_NAME,SUBSYS_CODE,WEB_URL,ICON_PATH,EN_PRVT_OPER,EN_DIRECTORY) VALUES('01020101','用户安全设置','admin','user/viewsecuser.action','_image/ico/default.gif','N','N');
INSERT INTO SEC_OPER(OPER_CODE,OPER_NAME,SUBSYS_CODE,WEB_URL,ICON_PATH,EN_PRVT_OPER,EN_DIRECTORY) VALUES('01020102','用户管理','admin','user/managesecuser.action','_image/ico/default.gif','Y','N');
INSERT INTO SEC_OPER(OPER_CODE,OPER_NAME,SUBSYS_CODE,WEB_URL,ICON_PATH,EN_PRVT_OPER,EN_DIRECTORY) VALUES('01020103','角色管理','admin','user/managesecrole.action','_image/ico/default.gif','Y','N');
INSERT INTO SEC_OPER(OPER_CODE,OPER_NAME,SUBSYS_CODE,WEB_URL,ICON_PATH,EN_PRVT_OPER,EN_DIRECTORY) VALUES('01020104','功能管理','admin','user/manageoper.action','_image/ico/default.gif','Y','N');
INSERT INTO SEC_OPER(OPER_CODE,OPER_NAME,SUBSYS_CODE,WEB_URL,ICON_PATH,EN_PRVT_OPER,EN_DIRECTORY) VALUES('01020105','子系统管理','admin','user/managesubsys.action','_image/ico/default.gif','Y','N');
INSERT INTO SEC_OPER(OPER_CODE,OPER_NAME,SUBSYS_CODE,WEB_URL,ICON_PATH,EN_PRVT_OPER,EN_DIRECTORY) VALUES('01020106','组织机构','admin','user/managedept.action','_image/ico/default.gif','N','N');
INSERT INTO SEC_OPER(OPER_CODE,OPER_NAME,SUBSYS_CODE,WEB_URL,ICON_PATH,EN_PRVT_OPER,EN_DIRECTORY) VALUES('01020107','涉密人员类别','admin','user/managesecurity.action','_image/ico/default.gif','N','N');
INSERT INTO SEC_OPER(OPER_CODE,OPER_NAME,SUBSYS_CODE,WEB_URL,ICON_PATH,EN_PRVT_OPER,EN_DIRECTORY) VALUES('01020108','密级配置','admin','user/viewseclevel.action','_image/ico/default.gif','N','N');
INSERT INTO SEC_OPER(OPER_CODE,OPER_NAME,SUBSYS_CODE,WEB_URL,ICON_PATH,EN_PRVT_OPER,EN_DIRECTORY) VALUES('01020109','登录设置','admin','user/configlogin.action','_image/ico/default.gif','N','N');
INSERT INTO SEC_OPER(OPER_CODE,OPER_NAME,SUBSYS_CODE,WEB_URL,ICON_PATH,EN_PRVT_OPER,EN_DIRECTORY) VALUES('01020110','修改密码','admin','user/changepwd.action','_image/ico/default.gif','N','N');
INSERT INTO SEC_OPER(OPER_CODE,OPER_NAME,SUBSYS_CODE,WEB_URL,ICON_PATH,EN_PRVT_OPER,EN_DIRECTORY) VALUES('01020111','批量导入用户','admin','user/importsecuser.action','_image/ico/default.gif','Y','N');
INSERT INTO SEC_OPER(OPER_CODE,OPER_NAME,SUBSYS_CODE,WEB_URL,ICON_PATH,EN_PRVT_OPER,EN_DIRECTORY) VALUES('01020112','查看系统信息','admin','basic/viewinfo.action','_image/ico/default.gif','N','N');
INSERT INTO SEC_OPER(OPER_CODE,OPER_NAME,SUBSYS_CODE,WEB_URL,ICON_PATH,EN_PRVT_OPER,EN_DIRECTORY) VALUES('01020113','上传授权文件','admin','html/user/uploadpermissionfile.jsp','_image/ico/default.gif','N','N');
INSERT INTO SEC_OPER(OPER_CODE,OPER_NAME,SUBSYS_CODE,WEB_URL,ICON_PATH,EN_PRVT_OPER,EN_DIRECTORY) VALUES('01020115','一级目录管理', 'admin','user/managefirstdir.action','_image/ico/default.gif','N','N');
INSERT INTO SEC_OPER(OPER_CODE,OPER_NAME,SUBSYS_CODE,WEB_URL,ICON_PATH,EN_PRVT_OPER,EN_DIRECTORY) VALUES('01020116','默认密码设置', 'admin','basic/defaultpassword.action','_image/ico/default.gif','N','N');
INSERT INTO SEC_OPER(OPER_CODE,OPER_NAME,SUBSYS_CODE,WEB_URL,ICON_PATH,EN_PRVT_OPER,EN_DIRECTORY) VALUES('01020117','设置三员登录IP','admin','basic/threeadminloginip.action','_image/ico/default.gif','N','N');
INSERT INTO SEC_OPER(OPER_CODE,OPER_NAME,SUBSYS_CODE,WEB_URL,ICON_PATH,EN_PRVT_OPER,EN_DIRECTORY) VALUES('01020118','自审批管理','admin','basic/configselfapprove.action','_image/ico/default.gif','Y','N');
INSERT INTO SEC_OPER(OPER_CODE,OPER_NAME,SUBSYS_CODE,WEB_URL,ICON_PATH,EN_PRVT_OPER,EN_DIRECTORY) VALUES('010202','流程管理','admin',NULL,NULL,'N','Y');
INSERT INTO SEC_OPER(OPER_CODE,OPER_NAME,SUBSYS_CODE,WEB_URL,ICON_PATH,EN_PRVT_OPER,EN_DIRECTORY) VALUES('01020201','流程设置','admin','activiti/manageprocess.action','_image/ico/default.gif','N','N');
INSERT INTO SEC_OPER(OPER_CODE,OPER_NAME,SUBSYS_CODE,WEB_URL,ICON_PATH,EN_PRVT_OPER,EN_DIRECTORY) VALUES('010203','运行管理','admin',NULL,NULL,'N','Y');
INSERT INTO SEC_OPER(OPER_CODE,OPER_NAME,SUBSYS_CODE,WEB_URL,ICON_PATH,EN_PRVT_OPER,EN_DIRECTORY) VALUES('01020301','用途管理','admin','basic/manageusage.action','_image/ico/default.gif','N','N');
---INSERT INTO SEC_OPER(OPER_CODE,OPER_NAME,SUBSYS_CODE,WEB_URL,ICON_PATH,EN_PRVT_OPER,EN_DIRECTORY) VALUES('01020302','项目管理','admin','basic/manageproject.action','_image/ico/default.gif','N','N');
INSERT INTO SEC_OPER(OPER_CODE,OPER_NAME,SUBSYS_CODE,WEB_URL,ICON_PATH,EN_PRVT_OPER,EN_DIRECTORY) VALUES('01020303','控制台管理','admin','basic/manageconsole.action','_image/ico/default.gif','N','N');
INSERT INTO SEC_OPER(OPER_CODE,OPER_NAME,SUBSYS_CODE,WEB_URL,ICON_PATH,EN_PRVT_OPER,EN_DIRECTORY) VALUES('01020307','智能回收柜管理','admin','basic/managerecyclebox.action','_image/ico/default.gif','N','N');
INSERT INTO SEC_OPER(OPER_CODE,OPER_NAME,SUBSYS_CODE,WEB_URL,ICON_PATH,EN_PRVT_OPER,EN_DIRECTORY) VALUES('01020308','智能交换柜管理','admin','basic/manageexchangebox.action','_image/ico/default.gif','N','N');
INSERT INTO SEC_OPER(OPER_CODE,OPER_NAME,SUBSYS_CODE,WEB_URL,ICON_PATH,EN_PRVT_OPER,EN_DIRECTORY) VALUES('01020309','空间使用告警','admin','basic/spaceusedalarm.action','_image/ico/default.gif','N','N');
INSERT INTO SEC_OPER(OPER_CODE,OPER_NAME,SUBSYS_CODE,WEB_URL,ICON_PATH,EN_PRVT_OPER,EN_DIRECTORY) VALUES('01020311','条码规则管理','admin','basic/managebarcode.action','_image/ico/default.gif','N','N');
INSERT INTO SEC_OPER(OPER_CODE,OPER_NAME,SUBSYS_CODE,WEB_URL,ICON_PATH,EN_PRVT_OPER,EN_DIRECTORY) VALUES('01020312','交接确认配置','admin','basic/configconfirm.action','_image/ico/default.gif','N','N');
INSERT INTO SEC_OPER(OPER_CODE,OPER_NAME,SUBSYS_CODE,WEB_URL,ICON_PATH,EN_PRVT_OPER,EN_DIRECTORY) VALUES('01020313','关闭异常流程','admin','basic/viewclosejob.action','_image/ico/default.gif','N','N');
INSERT INTO SEC_OPER(OPER_CODE,OPER_NAME,SUBSYS_CODE,WEB_URL,ICON_PATH,EN_PRVT_OPER,EN_DIRECTORY) VALUES('01020314','闭环提醒设置','admin','basic/configremindmsg.action','_image/ico/default.gif','N','N');
INSERT INTO SEC_OPER(OPER_CODE,OPER_NAME,SUBSYS_CODE,WEB_URL,ICON_PATH,EN_PRVT_OPER,EN_DIRECTORY) VALUES('01020315','全局参数配置','admin','basic/configsystem.action','_image/ico/default.gif','N','N');
INSERT INTO SEC_OPER(OPER_CODE,OPER_NAME,SUBSYS_CODE,WEB_URL,ICON_PATH,EN_PRVT_OPER,EN_DIRECTORY) VALUES('01020316','特殊打印类型管理','admin','basic/managespecialpapertype.action','_image/ico/default.gif','N','N');
INSERT INTO SEC_OPER(OPER_CODE,OPER_NAME,SUBSYS_CODE,WEB_URL,ICON_PATH,EN_PRVT_OPER,EN_DIRECTORY) VALUES('01020318','回收送销流程配置','admin','basic/configrecoverdestroy.action','_image/ico/default.gif','N','N');
----可输出交接单的密级配置
INSERT INTO SEC_OPER(OPER_CODE,OPER_NAME,SUBSYS_CODE,WEB_URL,ICON_PATH,EN_PRVT_OPER,EN_DIRECTORY) VALUES('01020319','可输出交接单的密级配置','admin','basic/configreceiptvsseclv.action','_image/ico/default.gif','N','N');
INSERT INTO SEC_OPER(OPER_CODE,OPER_NAME,SUBSYS_CODE,WEB_URL,ICON_PATH,EN_PRVT_OPER,EN_DIRECTORY) VALUES('01020320','部门载体归属转换模式','admin','basic/configdepttopersonmode.action','_image/ico/default.gif','N','N');
INSERT INTO SEC_OPER(OPER_CODE,OPER_NAME,SUBSYS_CODE,WEB_URL,ICON_PATH,EN_PRVT_OPER,EN_DIRECTORY) VALUES('01020321','刻录参数配置','admin','basic/configburn.action','_image/ico/default.gif','Y','N');
INSERT INTO SEC_OPER(OPER_CODE,OPER_NAME,SUBSYS_CODE,WEB_URL,ICON_PATH,EN_PRVT_OPER,EN_DIRECTORY) VALUES('01020322','定密依据管理库','admin','print/managefixedaccording.action','_image/ico/default.gif','N','N');

INSERT INTO SEC_OPER(OPER_CODE,OPER_NAME,SUBSYS_CODE,WEB_URL,ICON_PATH,EN_PRVT_OPER,EN_DIRECTORY) VALUES('010204','代理人管理','admin',NULL,NULL,'N','Y');
INSERT INTO SEC_OPER(OPER_CODE,OPER_NAME,SUBSYS_CODE,WEB_URL,ICON_PATH,EN_PRVT_OPER,EN_DIRECTORY) VALUES('01020401','代理人设置','admin','basic/viewuserproxy.action','_image/ico/default.gif','N','N');
INSERT INTO SEC_OPER(OPER_CODE,OPER_NAME,SUBSYS_CODE,WEB_URL,ICON_PATH,EN_PRVT_OPER,EN_DIRECTORY) VALUES('010205','客户端管理','admin',NULL,NULL,'N','Y');
INSERT INTO SEC_OPER(OPER_CODE,OPER_NAME,SUBSYS_CODE,WEB_URL,ICON_PATH,EN_PRVT_OPER,EN_DIRECTORY) VALUES('01020503','上传升级文件','admin','basic/uploadnewversion.action','_image/ico/default.gif','N','N');
INSERT INTO SEC_OPER(OPER_CODE,OPER_NAME,SUBSYS_CODE,WEB_URL,ICON_PATH,EN_PRVT_OPER,EN_DIRECTORY) VALUES('01020504','安装文件管理','admin','basic/uploadsetupfiles.action','_image/ico/default.gif','N','N');
INSERT INTO SEC_OPER(OPER_CODE,OPER_NAME,SUBSYS_CODE,WEB_URL,ICON_PATH,EN_PRVT_OPER,EN_DIRECTORY) VALUES('010206','常用文档下载','admin',NULL,NULL,'N','Y');
INSERT INTO SEC_OPER(OPER_CODE,OPER_NAME,SUBSYS_CODE,WEB_URL,ICON_PATH,EN_PRVT_OPER,EN_DIRECTORY) VALUES('01020601','文档列表','admin','basic/downloadfile.action','_image/ico/default.gif','N','N');
INSERT INTO SEC_OPER(OPER_CODE,OPER_NAME,SUBSYS_CODE,WEB_URL,ICON_PATH,EN_PRVT_OPER,EN_DIRECTORY) VALUES('01020602','上传文档','admin','basic/uploadfile.action','_image/ico/default.gif','N','N');


INSERT INTO SEC_OPER(OPER_CODE,OPER_NAME,SUBSYS_CODE,WEB_URL,ICON_PATH,EN_PRVT_OPER,EN_DIRECTORY) VALUES('0111','我的台帐','admin',NULL,NULL,'N','Y');
																												
INSERT INTO SEC_OPER(OPER_CODE,OPER_NAME,SUBSYS_CODE,WEB_URL,ICON_PATH,EN_PRVT_OPER,EN_DIRECTORY) VALUES('0112','部门台帐','admin',NULL,NULL,'N','Y');
INSERT INTO SEC_OPER(OPER_CODE,OPER_NAME,SUBSYS_CODE,WEB_URL,ICON_PATH,EN_PRVT_OPER,EN_DIRECTORY) VALUES('011202','用户载体台帐','admin',NULL,NULL,'N','Y');
	
INSERT INTO SEC_OPER(OPER_CODE,OPER_NAME,SUBSYS_CODE,WEB_URL,ICON_PATH,EN_PRVT_OPER,EN_DIRECTORY) VALUES('0113','台帐管理','admin',NULL,NULL,'N','Y');
INSERT INTO SEC_OPER(OPER_CODE,OPER_NAME,SUBSYS_CODE,WEB_URL,ICON_PATH,EN_PRVT_OPER,EN_DIRECTORY) VALUES('011309','审计中心','admin',NULL,NULL,'N','Y');

INSERT INTO SEC_OPER(OPER_CODE,OPER_NAME,SUBSYS_CODE,WEB_URL,ICON_PATH,EN_PRVT_OPER,EN_DIRECTORY) VALUES('0114','日志管理','admin',NULL,NULL,'N','Y');
INSERT INTO SEC_OPER(OPER_CODE,OPER_NAME,SUBSYS_CODE,WEB_URL,ICON_PATH,EN_PRVT_OPER,EN_DIRECTORY) VALUES('011401','用户日志','admin',NULL,NULL,'N','Y');
INSERT INTO SEC_OPER(OPER_CODE,OPER_NAME,SUBSYS_CODE,WEB_URL,ICON_PATH,EN_PRVT_OPER,EN_DIRECTORY) VALUES('01140101','用户登录日志','admin','log/viewuserloginlog.action','_image/ico/default.gif','Y','N');
INSERT INTO SEC_OPER(OPER_CODE,OPER_NAME,SUBSYS_CODE,WEB_URL,ICON_PATH,EN_PRVT_OPER,EN_DIRECTORY) VALUES('01140102','用户操作日志','admin','log/viewoperlogcommon.action','_image/ico/default.gif','Y','N');
INSERT INTO SEC_OPER(OPER_CODE,OPER_NAME,SUBSYS_CODE,WEB_URL,ICON_PATH,EN_PRVT_OPER,EN_DIRECTORY) VALUES('011402','管理员日志','admin',NULL,NULL,'N','Y');		
INSERT INTO SEC_OPER(OPER_CODE,OPER_NAME,SUBSYS_CODE,WEB_URL,ICON_PATH,EN_PRVT_OPER,EN_DIRECTORY) VALUES('01140201','管理员操作日志','admin','log/viewoperlogadmin.action','_image/ico/default.gif','Y','N');
INSERT INTO SEC_OPER(OPER_CODE,OPER_NAME,SUBSYS_CODE,WEB_URL,ICON_PATH,EN_PRVT_OPER,EN_DIRECTORY) VALUES('01020119','重置密码', 'admin','basic/sysresetuserpwd.action','_image/ico/default.gif','N','N');
INSERT INTO SEC_OPER(OPER_CODE,OPER_NAME,SUBSYS_CODE,WEB_URL,ICON_PATH,EN_PRVT_OPER,EN_DIRECTORY) VALUES('01020120','重置密码', 'admin','basic/audresetuserpwd.action','_image/ico/default.gif','N','N');
---密级变更
INSERT INTO SEC_OPER(OPER_CODE,OPER_NAME,SUBSYS_CODE,WEB_URL,ICON_PATH,EN_PRVT_OPER,EN_DIRECTORY) VALUES('011106','载体变更管理','admin',NULL,NULL,'N','Y');
INSERT INTO SEC_OPER(OPER_CODE,OPER_NAME,SUBSYS_CODE,WEB_URL,ICON_PATH,EN_PRVT_OPER,EN_DIRECTORY) VALUES('01110601','密级变更申请','admin','ledger/viewmodifyledger.action','_image/ico/default.gif','N','N');
INSERT INTO SEC_OPER(OPER_CODE,OPER_NAME,SUBSYS_CODE,WEB_URL,ICON_PATH,EN_PRVT_OPER,EN_DIRECTORY) VALUES('01110602','变更申请记录','admin','ledger/managemodifyledger.action','_image/ico/default.gif','N','N');
INSERT INTO SEC_OPER(OPER_CODE,OPER_NAME,SUBSYS_CODE,WEB_URL,ICON_PATH,EN_PRVT_OPER,EN_DIRECTORY) VALUES('011107','密级变更管理','admin',NULL,NULL,'N','Y');
INSERT INTO SEC_OPER(OPER_CODE,OPER_NAME,SUBSYS_CODE,WEB_URL,ICON_PATH,EN_PRVT_OPER,EN_DIRECTORY) VALUES('01110701','密级变更确认','admin','ledger/viewconfirmmodify.action','_image/ico/default.gif','N','N');
INSERT INTO SEC_OPER(OPER_CODE,OPER_NAME,SUBSYS_CODE,WEB_URL,ICON_PATH,EN_PRVT_OPER,EN_DIRECTORY) VALUES('01110702','密级变更确认列表','admin','ledger/viewconfmodifyljob.action','_image/ico/default.gif','N','N');
INSERT INTO SEC_OPER(OPER_CODE,OPER_NAME,SUBSYS_CODE,WEB_URL,ICON_PATH,EN_PRVT_OPER,EN_DIRECTORY) VALUES('011108','变更审批','admin',NULL,NULL,'N','Y');
INSERT INTO SEC_OPER(OPER_CODE,OPER_NAME,SUBSYS_CODE,WEB_URL,ICON_PATH,EN_PRVT_OPER,EN_DIRECTORY) VALUES('01110801','待审批列表','admin','ledger/managemodifyjob.action','_image/ico/default.gif','N','N');
INSERT INTO SEC_OPER(OPER_CODE,OPER_NAME,SUBSYS_CODE,WEB_URL,ICON_PATH,EN_PRVT_OPER,EN_DIRECTORY) VALUES('01110802','查看审批记录','admin','ledger/viewmodifyjob.action','_image/ico/default.gif','N','N');

INSERT INTO SEC_OPER(OPER_CODE,OPER_NAME,SUBSYS_CODE,WEB_URL,ICON_PATH,EN_PRVT_OPER,EN_DIRECTORY) VALUES('01110110','外带申请记录','admin','ledger/managecarryoutpaperjob.action','_image/ico/default.gif','N','N');
INSERT INTO SEC_OPER(OPER_CODE,OPER_NAME,SUBSYS_CODE,WEB_URL,ICON_PATH,EN_PRVT_OPER,EN_DIRECTORY) VALUES('01110211','外带申请记录','admin','ledger/managecarryoutcdjob.action','_image/ico/default.gif','N','N');  
  
INSERT INTO SEC_OPER(OPER_CODE,OPER_NAME,SUBSYS_CODE,WEB_URL,ICON_PATH,EN_PRVT_OPER,EN_DIRECTORY) VALUES('011318','载体外带审批','admin',NULL,NULL,'N','Y');
INSERT INTO SEC_OPER(OPER_CODE,OPER_NAME,SUBSYS_CODE,WEB_URL,ICON_PATH,EN_PRVT_OPER,EN_DIRECTORY) VALUES('01131802','待审批列表','admin','ledger/managecarryoutaprvjob.action','_image/ico/default.gif','N','N');
INSERT INTO SEC_OPER(OPER_CODE,OPER_NAME,SUBSYS_CODE,WEB_URL,ICON_PATH,EN_PRVT_OPER,EN_DIRECTORY) VALUES('01131804','审批记录列表','admin','ledger/viewcarryouthandlejob.action','_image/ico/default.gif','N','N');
INSERT INTO SEC_OPER(OPER_CODE,OPER_NAME,SUBSYS_CODE,WEB_URL,ICON_PATH,EN_PRVT_OPER,EN_DIRECTORY) VALUES('011319','载体外带管理','admin',NULL,NULL,'N','Y')
INSERT INTO SEC_OPER(OPER_CODE,OPER_NAME,SUBSYS_CODE,WEB_URL,ICON_PATH,EN_PRVT_OPER,EN_DIRECTORY) VALUES('01131902','文件带回确认','admin','ledger/managecarryoutconfirmpapereventlist.action','_image/ico/default.gif','N','N');
INSERT INTO SEC_OPER(OPER_CODE,OPER_NAME,SUBSYS_CODE,WEB_URL,ICON_PATH,EN_PRVT_OPER,EN_DIRECTORY) VALUES('01131904','光盘带回确认','admin','ledger/managecarryoutconfirmcdeventlist.action','_image/ico/default.gif','N','N');
INSERT INTO SEC_OPER(OPER_CODE,OPER_NAME,SUBSYS_CODE,WEB_URL,ICON_PATH,EN_PRVT_OPER,EN_DIRECTORY) VALUES('01131906','文件外带记录','admin','ledger/viewcarryoutpapereventlist.action','_image/ico/default.gif','N','N');
INSERT INTO SEC_OPER(OPER_CODE,OPER_NAME,SUBSYS_CODE,WEB_URL,ICON_PATH,EN_PRVT_OPER,EN_DIRECTORY) VALUES('01131908','光盘外带记录','admin','ledger/viewcarryoutcdeventlist.action','_image/ico/default.gif','N','N');
INSERT INTO SEC_OPER(OPER_CODE,OPER_NAME,SUBSYS_CODE,WEB_URL,ICON_PATH,EN_PRVT_OPER,EN_DIRECTORY) VALUES('01020505','控制台列表','admin','client/consolemanage.action','_image/ico/default.gif','N','N');
INSERT INTO SEC_OPER(OPER_CODE,OPER_NAME,SUBSYS_CODE,WEB_URL,ICON_PATH,EN_PRVT_OPER,EN_DIRECTORY) VALUES('01020506','控制台版本列表','admin','basic/viewconsoleversionfile.action','_image/ico/default.gif','N','N');

INSERT INTO SEC_OPER(OPER_CODE,OPER_NAME,SUBSYS_CODE,WEB_URL,ICON_PATH,EN_PRVT_OPER,EN_DIRECTORY) VALUES('01120105','部门科研工作手册','admin','ledger/viewdeptsecretpaperledger.action','_image/ico/default.gif','N','N');
INSERT INTO SEC_OPER(OPER_CODE,OPER_NAME,SUBSYS_CODE,WEB_URL,ICON_PATH,EN_PRVT_OPER,EN_DIRECTORY) VALUES('01080108','科研工作手册领用','admin','borrow/viewsecretborrowpaper.action','_image/ico/default.gif','N','N');

INSERT INTO SEC_OPER(OPER_CODE,OPER_NAME,SUBSYS_CODE,WEB_URL,ICON_PATH,EN_PRVT_OPER,EN_DIRECTORY) VALUES('01130608','预台帐打印','admin','ledger/viewexpectpaperledger.action','_image/ico/default.gif','N','N');

---
--- Table: SEC_ROLE_OPER 配置各角色权限
---
INSERT INTO SEC_ROLE_OPER(ROLE_ID,OPER_CODE) VALUES ('1','01020103');
INSERT INTO SEC_ROLE_OPER(ROLE_ID,OPER_CODE) VALUES ('1','01020104');
INSERT INTO SEC_ROLE_OPER(ROLE_ID,OPER_CODE) VALUES ('1','01020105');
INSERT INTO SEC_ROLE_OPER(ROLE_ID,OPER_CODE) VALUES ('1','01020118');

INSERT INTO SEC_ROLE_OPER(ROLE_ID,OPER_CODE) VALUES ('2','01020107');
INSERT INTO SEC_ROLE_OPER(ROLE_ID,OPER_CODE) VALUES ('2','01020108');
INSERT INTO SEC_ROLE_OPER(ROLE_ID,OPER_CODE) VALUES ('2','01020110');
INSERT INTO SEC_ROLE_OPER(ROLE_ID,OPER_CODE) VALUES ('2','01020111');
INSERT INTO SEC_ROLE_OPER(ROLE_ID,OPER_CODE) VALUES ('2','01020112');
INSERT INTO SEC_ROLE_OPER(ROLE_ID,OPER_CODE) VALUES ('2','01020113');
INSERT INTO SEC_ROLE_OPER(ROLE_ID,OPER_CODE) VALUES ('2','01020115');
INSERT INTO SEC_ROLE_OPER(ROLE_ID,OPER_CODE) VALUES ('3','01020116');
INSERT INTO SEC_ROLE_OPER(ROLE_ID,OPER_CODE) VALUES ('2','01020201');
INSERT INTO SEC_ROLE_OPER(ROLE_ID,OPER_CODE) VALUES ('2','01020301');
--INSERT INTO SEC_ROLE_OPER(ROLE_ID,OPER_CODE) VALUES ('2','01020302');
INSERT INTO SEC_ROLE_OPER(ROLE_ID,OPER_CODE) VALUES ('2','01020303');
INSERT INTO SEC_ROLE_OPER(ROLE_ID,OPER_CODE) VALUES ('2','01020309');
INSERT INTO SEC_ROLE_OPER(ROLE_ID,OPER_CODE) VALUES ('2','01020311');
INSERT INTO SEC_ROLE_OPER(ROLE_ID,OPER_CODE) VALUES ('2','01020312');
INSERT INTO SEC_ROLE_OPER(ROLE_ID,OPER_CODE) VALUES ('2','01020314');
INSERT INTO SEC_ROLE_OPER(ROLE_ID,OPER_CODE) VALUES ('2','01020503');
INSERT INTO SEC_ROLE_OPER(ROLE_ID,OPER_CODE) VALUES ('2','01020504');
INSERT INTO SEC_ROLE_OPER(ROLE_ID,OPER_CODE) VALUES ('2','01020601');
INSERT INTO SEC_ROLE_OPER(ROLE_ID,OPER_CODE) VALUES ('2','01020602');
INSERT INTO SEC_ROLE_OPER(ROLE_ID,OPER_CODE) VALUES ('2','01020117');
INSERT INTO SEC_ROLE_OPER(ROLE_ID,OPER_CODE) VALUES ('2','01020315');
---INSERT INTO SEC_ROLE_OPER(ROLE_ID,OPER_CODE) VALUES ('3','01020101');
INSERT INTO SEC_ROLE_OPER(ROLE_ID,OPER_CODE) VALUES ('3','01020102');
INSERT INTO SEC_ROLE_OPER(ROLE_ID,OPER_CODE) VALUES ('3','01020103');
INSERT INTO SEC_ROLE_OPER(ROLE_ID,OPER_CODE) VALUES ('3','01020106');
INSERT INTO SEC_ROLE_OPER(ROLE_ID,OPER_CODE) VALUES ('3','01020109');
INSERT INTO SEC_ROLE_OPER(ROLE_ID,OPER_CODE) VALUES ('3','01020110');
INSERT INTO SEC_ROLE_OPER(ROLE_ID,OPER_CODE) VALUES ('3','01140101');
INSERT INTO SEC_ROLE_OPER(ROLE_ID,OPER_CODE) VALUES ('3','01140102');
INSERT INTO SEC_ROLE_OPER(ROLE_ID,OPER_CODE) VALUES ('4','01140201');
INSERT INTO SEC_ROLE_OPER(ROLE_ID,OPER_CODE) VALUES ('4','01020110');
INSERT INTO SEC_ROLE_OPER(ROLE_ID,OPER_CODE) VALUES ('5','01020110');
INSERT INTO SEC_ROLE_OPER(ROLE_ID,OPER_CODE) VALUES ('6','01020110');
INSERT INTO SEC_ROLE_OPER(ROLE_ID,OPER_CODE) VALUES ('9','01020110');
INSERT INTO SEC_ROLE_OPER(ROLE_ID,OPER_CODE) VALUES ('10','01010101');
INSERT INTO SEC_ROLE_OPER(ROLE_ID,OPER_CODE) VALUES ('10','01020110');
INSERT INTO SEC_ROLE_OPER(ROLE_ID,OPER_CODE) VALUES ('11','01010101');
INSERT INTO SEC_ROLE_OPER(ROLE_ID,OPER_CODE) VALUES ('11','01020110');
INSERT INTO SEC_ROLE_OPER(ROLE_ID,OPER_CODE) VALUES ('11','01020401');
INSERT INTO SEC_ROLE_OPER(ROLE_ID,OPER_CODE) VALUES ('12','01020110');
INSERT INTO SEC_ROLE_OPER(ROLE_ID,OPER_CODE) VALUES ('16','01020110');
INSERT INTO SEC_ROLE_OPER(ROLE_ID,OPER_CODE) VALUES ('2','01020119');
INSERT INTO SEC_ROLE_OPER(ROLE_ID,OPER_CODE) VALUES ('4','01020120');
---INSERT INTO SEC_ROLE_OPER(ROLE_ID,OPER_CODE) VALUES ('14','01130608');
INSERT INTO SEC_ROLE_OPER(ROLE_ID,OPER_CODE) VALUES ('2','01020318');
INSERT INTO SEC_ROLE_OPER(ROLE_ID,OPER_CODE) VALUES ('2','01020319');
INSERT INTO SEC_ROLE_OPER(ROLE_ID,OPER_CODE) VALUES ('2','01020320');
INSERT INTO SEC_ROLE_OPER(ROLE_ID,OPER_CODE) VALUES ('2','01020321');
INSERT INTO SEC_ROLE_OPER(ROLE_ID,OPER_CODE) VALUES ('2','01020322');

---密级变更权限
INSERT INTO SEC_ROLE_OPER(ROLE_ID,OPER_CODE) VALUES ('11','01110601');
---INSERT INTO SEC_ROLE_OPER(ROLE_ID,OPER_CODE) VALUES ('11','01110602');
---INSERT INTO SEC_ROLE_OPER(ROLE_ID,OPER_CODE) VALUES ('24','01110701');
---INSERT INTO SEC_ROLE_OPER(ROLE_ID,OPER_CODE) VALUES ('24','01110702');
---INSERT INTO SEC_ROLE_OPER(ROLE_ID,OPER_CODE) VALUES ('10','01110801');
---INSERT INTO SEC_ROLE_OPER(ROLE_ID,OPER_CODE) VALUES ('10','01110802');

INSERT INTO SEC_ROLE_OPER(ROLE_ID,OPER_CODE) VALUES ('11','01110110');
INSERT INTO SEC_ROLE_OPER(ROLE_ID,OPER_CODE) VALUES ('11','01110211');
INSERT INTO SEC_ROLE_OPER(ROLE_ID,OPER_CODE) VALUES ('6','01131802');
INSERT INTO SEC_ROLE_OPER(ROLE_ID,OPER_CODE) VALUES ('6','01131804');
INSERT INTO SEC_ROLE_OPER(ROLE_ID,OPER_CODE) VALUES ('101','01131902');
INSERT INTO SEC_ROLE_OPER(ROLE_ID,OPER_CODE) VALUES ('101','01131904');
INSERT INTO SEC_ROLE_OPER(ROLE_ID,OPER_CODE) VALUES ('102','01131906');
INSERT INTO SEC_ROLE_OPER(ROLE_ID,OPER_CODE) VALUES ('102','01131908');      

INSERT INTO SEC_ROLE_OPER(ROLE_ID,OPER_CODE) VALUES ('2','01020505');
INSERT INTO SEC_ROLE_OPER(ROLE_ID,OPER_CODE) VALUES ('2','01020506');

INSERT INTO SEC_ROLE_OPER(ROLE_ID,OPER_CODE) VALUES ('6','01120105');   
INSERT INTO SEC_ROLE_OPER(ROLE_ID,OPER_CODE) VALUES ('11','01080108');  
---
--- Table: SEC_CONFIG 设置默认系统配置
---
INSERT INTO SEC_CONFIG(ITEM_KEY,ITEM_NAME,ITEM_VALUE,ITEM_TYPE) VALUES ('PWD_LENGTH','登录密码长度','10','SEC');
INSERT INTO SEC_CONFIG(ITEM_KEY,ITEM_NAME,ITEM_VALUE,ITEM_TYPE) VALUES ('VALID_DAYS','密码有效时间','7','SEC');
INSERT INTO SEC_CONFIG(ITEM_KEY,ITEM_NAME,ITEM_VALUE,ITEM_TYPE) VALUES ('FAIL_TIMES','允许连错次数','5','SEC');
INSERT INTO SEC_CONFIG(ITEM_KEY,ITEM_NAME,ITEM_VALUE,ITEM_TYPE) VALUES ('PWD_DIGIT','是否包含数字',null,'SEC');
INSERT INTO SEC_CONFIG(ITEM_KEY,ITEM_NAME,ITEM_VALUE,ITEM_TYPE) VALUES ('PWD_ALPHA','是否包含字母',null,'SEC');
INSERT INTO SEC_CONFIG(ITEM_KEY,ITEM_NAME,ITEM_VALUE,ITEM_TYPE) VALUES ('PWD_NOTATION','特殊字符范围','!@#$%^&*()+_:','SEC');
INSERT INTO SEC_CONFIG(ITEM_KEY,ITEM_NAME,ITEM_VALUE,ITEM_TYPE) VALUES ('MAX_PERCENT','日志最大存储空间百分比','90','SPACE');
INSERT INTO SEC_CONFIG(ITEM_KEY,ITEM_NAME,ITEM_VALUE,ITEM_TYPE) VALUES ('ALARM_PERCENT','磁盘空间告警百分比','80','SPACE');
INSERT INTO SEC_CONFIG(ITEM_KEY,ITEM_NAME,ITEM_VALUE,ITEM_TYPE) VALUES ('STORE_PERIOD','审计日志保存周期','12','SPACE');
INSERT INTO SEC_CONFIG(ITEM_KEY,ITEM_NAME,ITEM_VALUE,ITEM_TYPE) VALUES ('SPACE_FULL','存储空间是否已满','0','SPACE');
INSERT INTO SEC_CONFIG(ITEM_KEY,ITEM_NAME,ITEM_VALUE,ITEM_TYPE) VALUES ('SPACE_USED','当前磁盘空间使用百分比','0','SPACE');
INSERT INTO SEC_CONFIG(ITEM_KEY,ITEM_NAME,ITEM_VALUE,ITEM_TYPE) VALUES ('SYSTEM_VERSION','系统版本号','20140318.1.0','SYSTEM');
INSERT INTO SEC_CONFIG(ITEM_KEY,ITEM_NAME,ITEM_VALUE,ITEM_TYPE) VALUES ('CLIENT_VERSION','客户端版本号','1.0','SYSTEM');
INSERT INTO SEC_CONFIG(ITEM_KEY,ITEM_NAME,ITEM_VALUE,ITEM_TYPE,STARTUSE) VALUES ('RETRIEVE_CONFIRM','回收模块交接确认',null,'CONFIRM',0);
INSERT INTO SEC_CONFIG(ITEM_KEY,ITEM_NAME,ITEM_VALUE,ITEM_TYPE,STARTUSE) VALUES ('FILE_CONFIRM','归档模块交接确认',null,'CONFIRM',0);
INSERT INTO SEC_CONFIG(ITEM_KEY,ITEM_NAME,ITEM_VALUE,ITEM_TYPE,STARTUSE) VALUES ('SELF_APPROVE','自审批流程',null,'APPROVE',0);
INSERT INTO SEC_CONFIG(ITEM_KEY,ITEM_NAME,ITEM_VALUE,ITEM_TYPE) VALUES ('SKIP_LIC','NNVL','','LIC');
INSERT INTO SEC_CONFIG(ITEM_KEY,ITEM_NAME,ITEM_VALUE,ITEM_TYPE) VALUES ('IMPORT_SHORT_DAYS','载体短期留用时间','7','REMIND_TIME');
INSERT INTO SEC_CONFIG(ITEM_KEY,ITEM_NAME,ITEM_VALUE,ITEM_TYPE) VALUES ('REMIND_MSG_DAYS','载体回收消息提醒周期','2','REMIND_TIME');
INSERT INTO SEC_CONFIG(ITEM_KEY,ITEM_NAME,ITEM_VALUE,ITEM_TYPE) VALUES ('SEND_REJECT_STATUS','外发拒收后载体状态','0','SEND');
INSERT INTO SEC_CONFIG(ITEM_KEY,ITEM_NAME,ITEM_VALUE,ITEM_TYPE,STARTUSE) VALUES ('COPY_CONFIRM','复印模块交接确认',null,'CONFIRM',0);
INSERT INTO SEC_CONFIG(ITEM_KEY,ITEM_NAME,ITEM_VALUE,ITEM_TYPE,STARTUSE) VALUES ('ENTER_CONFIRM','录入模块交接确认',null,'CONFIRM',0);
INSERT INTO SEC_CONFIG(ITEM_KEY,ITEM_NAME,ITEM_VALUE,ITEM_TYPE) VALUES ('DEFAULT_PASSWORD','默认密码设置','12345678a@','DEFAULT_PASSWORD');
INSERT INTO SEC_CONFIG(ITEM_KEY,ITEM_NAME,ITEM_VALUE,ITEM_TYPE,STARTUSE) VALUES ('CLIENT_MSG','消息提醒开关配置',null,'SYSTEM',1);
INSERT INTO SEC_CONFIG(ITEM_KEY,ITEM_NAME,ITEM_VALUE,ITEM_TYPE,STARTUSE) VALUES ('SECADMIN_LOGIN_IP','secadmin设定IP',null,'THREE_ADMIN_LOGIN_IP',0);
INSERT INTO SEC_CONFIG(ITEM_KEY,ITEM_NAME,ITEM_VALUE,ITEM_TYPE,STARTUSE) VALUES ('SYSADMIN_LOGIN_IP','sysadmin设定IP',null,'THREE_ADMIN_LOGIN_IP',0);
INSERT INTO SEC_CONFIG(ITEM_KEY,ITEM_NAME,ITEM_VALUE,ITEM_TYPE,STARTUSE) VALUES ('AUDADMIN_LOGIN_IP','audadmin设定IP',null,'THREE_ADMIN_LOGIN_IP',0);
INSERT INTO SEC_CONFIG(ITEM_KEY,ITEM_NAME,ITEM_VALUE,ITEM_TYPE,STARTUSE) VALUES ('Recover_On_Off','回收开关',null,'CONFIRM','1');
INSERT INTO SEC_CONFIG(ITEM_KEY,ITEM_NAME,ITEM_VALUE,ITEM_TYPE,STARTUSE) VALUES ('SendDestroy_On_Off','送销开关',null,'CONFIRM','1');
----增加回收消息提醒开关
INSERT INTO SEC_CONFIG(ITEM_KEY,ITEM_NAME,ITEM_VALUE,ITEM_TYPE,STARTUSE) VALUES ('APPROVE_ON_OFF','审批消息提醒开关',null,'CLIENT_MSG',1);
INSERT INTO SEC_CONFIG(ITEM_KEY,ITEM_NAME,ITEM_VALUE,ITEM_TYPE,STARTUSE) VALUES ('RETRIEVE_ON_OFF','回收消息提醒开关',null,'CLIENT_MSG',0);

GO

---导出excel模板配置
INSERT INTO SEC_OPER(OPER_CODE,OPER_NAME,SUBSYS_CODE,WEB_URL,ICON_PATH,EN_PRVT_OPER,EN_DIRECTORY) VALUES('01020323','导出excel模板配置','admin','basic/configexceltemplet.action','_image/ico/default.gif','N','N');
INSERT INTO SEC_ROLE_OPER(ROLE_ID,OPER_CODE) VALUES ('2','01020323');
go



INSERT INTO SEC_CONFIG(ITEM_KEY,ITEM_NAME,ITEM_VALUE,ITEM_TYPE,STARTUSE) VALUES ('exportpersonalpaperledger','个人文件导出excel模板','2,3,4,5,6,7,8','EXCELPAPER',0);
INSERT INTO SEC_CONFIG(ITEM_KEY,ITEM_NAME,ITEM_VALUE,ITEM_TYPE,STARTUSE) VALUES ('exportpaperledger','文件总台账导出excel模板','2,3,4,5,6,7,8','EXCELPAPER',0);
INSERT INTO SEC_CONFIG(ITEM_KEY,ITEM_NAME,ITEM_VALUE,ITEM_TYPE,STARTUSE) VALUES ('exportdeptpaperledger','公共文件台账导出excel模板','2,3,4,5,6,7,8','EXCELPAPER',0);
INSERT INTO SEC_CONFIG(ITEM_KEY,ITEM_NAME,ITEM_VALUE,ITEM_TYPE,STARTUSE) VALUES ('exportdeptuserpaperledger','用户文件台账导出excel模板','2,3,4,5,6,7,8','EXCELPAPER',0);
INSERT INTO SEC_CONFIG(ITEM_KEY,ITEM_NAME,ITEM_VALUE,ITEM_TYPE,STARTUSE) VALUES ('exportpaperborrowledger','文件借用台账导出excel模板','2,3,4,5,6,7,8','EXCELPAPER',0);
INSERT INTO SEC_CONFIG(ITEM_KEY,ITEM_NAME,ITEM_VALUE,ITEM_TYPE,STARTUSE) VALUES ('exportretrievedpaper','文件销毁导出excel模板','2,3,4,5,6,7,8','EXCELPAPER',0);
INSERT INTO SEC_CONFIG(ITEM_KEY,ITEM_NAME,ITEM_VALUE,ITEM_TYPE,STARTUSE) VALUES ('exportdestroypaper','已销毁文件列表导出excel模板','2,3,4,5,6,7,8','EXCELPAPER',0);
INSERT INTO SEC_CONFIG(ITEM_KEY,ITEM_NAME,ITEM_VALUE,ITEM_TYPE,STARTUSE) VALUES ('exportfilepaper','已归档文件导出excel模板','2,3,4,5,6,7,8','EXCELPAPER',0);
INSERT INTO SEC_CONFIG(ITEM_KEY,ITEM_NAME,ITEM_VALUE,ITEM_TYPE,STARTUSE) VALUES ('exportsendpaper','已外发文件导出excel模板','2,3,4,5,6,7,8','EXCELPAPER',0);

INSERT INTO SEC_CONFIG(ITEM_KEY,ITEM_NAME,ITEM_VALUE,ITEM_TYPE,STARTUSE) VALUES ('exportpersonalcdledger','个人光盘导出excel模板','2,3,4,5,6,7,8','EXCELCD',0);
INSERT INTO SEC_CONFIG(ITEM_KEY,ITEM_NAME,ITEM_VALUE,ITEM_TYPE,STARTUSE) VALUES ('exportcdledger','光盘总台账导出excel模板','2,3,4,5,6,7,8','EXCELCD',0);
INSERT INTO SEC_CONFIG(ITEM_KEY,ITEM_NAME,ITEM_VALUE,ITEM_TYPE,STARTUSE) VALUES ('exportdeptcdledger','公共光盘台账导出excel模板','2,3,4,5,6,7,8','EXCELCD',0);
INSERT INTO SEC_CONFIG(ITEM_KEY,ITEM_NAME,ITEM_VALUE,ITEM_TYPE,STARTUSE) VALUES ('exportdeptusercdledger','用户光盘台账导出excel模板','2,3,4,5,6,7,8','EXCELCD',0);
INSERT INTO SEC_CONFIG(ITEM_KEY,ITEM_NAME,ITEM_VALUE,ITEM_TYPE,STARTUSE) VALUES ('exportcdborrowledger','光盘借用台账导出excel模板','2,3,4,5,6,7,8','EXCELCD',0);
INSERT INTO SEC_CONFIG(ITEM_KEY,ITEM_NAME,ITEM_VALUE,ITEM_TYPE,STARTUSE) VALUES ('exportretrievedcd','光盘销毁导出excel模板','2,3,4,5,6,7,8','EXCELCD',0);
INSERT INTO SEC_CONFIG(ITEM_KEY,ITEM_NAME,ITEM_VALUE,ITEM_TYPE,STARTUSE) VALUES ('exportdestroycd','已销毁光盘列表导出excel模板','2,3,4,5,6,7,8','EXCELCD',0);
INSERT INTO SEC_CONFIG(ITEM_KEY,ITEM_NAME,ITEM_VALUE,ITEM_TYPE,STARTUSE) VALUES ('exportfilecd','已归档光盘导出excel模板','2,3,4,5,6,7,8','EXCELCD',0);
INSERT INTO SEC_CONFIG(ITEM_KEY,ITEM_NAME,ITEM_VALUE,ITEM_TYPE,STARTUSE) VALUES ('exportsendcd','已外发光盘导出excel模板','2,3,4,5,6,7,8','EXCELCD',0);
go

---中物院机关使用空白盘管理功能模块,中物五所不使用,打包时注意屏蔽
INSERT INTO SEC_ROLE(ROLE_ID,ROLE_NAME,SUBSYS_CODE,ROLE_DESC,ROLE_TYPE,ROLE_SPEC_KEY) VALUES('555','空白盘管理员','admin','负责管理空白盘',3,'');
INSERT INTO SEC_OPER(OPER_CODE,OPER_NAME,SUBSYS_CODE,WEB_URL,ICON_PATH,EN_PRVT_OPER,EN_DIRECTORY) VALUES('0161','空白盘管理','admin',NULL,NULL,'N','Y');
INSERT INTO SEC_OPER(OPER_CODE,OPER_NAME,SUBSYS_CODE,WEB_URL,ICON_PATH,EN_PRVT_OPER,EN_DIRECTORY) VALUES('016101','空白盘录入','admin',NULL,NULL,'N','Y');
INSERT INTO SEC_OPER(OPER_CODE,OPER_NAME,SUBSYS_CODE,WEB_URL,ICON_PATH,EN_PRVT_OPER,EN_DIRECTORY) VALUES('01610101','申请录入','admin','disc/addspacecdjob.action','_image/ico/default.gif','N','N');
INSERT INTO SEC_OPER(OPER_CODE,OPER_NAME,SUBSYS_CODE,WEB_URL,ICON_PATH,EN_PRVT_OPER,EN_DIRECTORY) VALUES('01610102','录入记录','admin','disc/managespacecdenterlistjob.action','_image/ico/default.gif','N','N');
INSERT INTO SEC_OPER(OPER_CODE,OPER_NAME,SUBSYS_CODE,WEB_URL,ICON_PATH,EN_PRVT_OPER,EN_DIRECTORY) VALUES('016102','空白盘领用','admin',NULL,NULL,'N','Y');
INSERT INTO SEC_OPER(OPER_CODE,OPER_NAME,SUBSYS_CODE,WEB_URL,ICON_PATH,EN_PRVT_OPER,EN_DIRECTORY) VALUES('01610201','申请领用','admin','disc/viewspacecdstock.action','_image/ico/default.gif','N','N');
INSERT INTO SEC_OPER(OPER_CODE,OPER_NAME,SUBSYS_CODE,WEB_URL,ICON_PATH,EN_PRVT_OPER,EN_DIRECTORY) VALUES('01610202','领用申请记录','admin','disc/managespacecdlistjob.action','_image/ico/default.gif','N','N');
INSERT INTO SEC_OPER(OPER_CODE,OPER_NAME,SUBSYS_CODE,WEB_URL,ICON_PATH,EN_PRVT_OPER,EN_DIRECTORY) VALUES('016103','空白盘领用审批','admin',NULL,NULL,'N','Y');
INSERT INTO SEC_OPER(OPER_CODE,OPER_NAME,SUBSYS_CODE,WEB_URL,ICON_PATH,EN_PRVT_OPER,EN_DIRECTORY) VALUES('01610301','待审批列表','admin','disc/managespacecdaprvjob.action','_image/ico/default.gif','N','N');
INSERT INTO SEC_OPER(OPER_CODE,OPER_NAME,SUBSYS_CODE,WEB_URL,ICON_PATH,EN_PRVT_OPER,EN_DIRECTORY) VALUES('01610302','查看审批记录','admin','disc/viewspacecdhandlejob.action','_image/ico/default.gif','N','N');
INSERT INTO SEC_OPER(OPER_CODE,OPER_NAME,SUBSYS_CODE,WEB_URL,ICON_PATH,EN_PRVT_OPER,EN_DIRECTORY) VALUES('016104','空白盘管理','admin',NULL,NULL,'N','Y');
INSERT INTO SEC_OPER(OPER_CODE,OPER_NAME,SUBSYS_CODE,WEB_URL,ICON_PATH,EN_PRVT_OPER,EN_DIRECTORY) VALUES('01610401','空白盘台帐','admin','disc/viewdeptspacecdledger.action','_image/ico/default.gif','N','N');
INSERT INTO SEC_OPER(OPER_CODE,OPER_NAME,SUBSYS_CODE,WEB_URL,ICON_PATH,EN_PRVT_OPER,EN_DIRECTORY) VALUES('01610402','个人空白盘台帐','admin','disc/viewselfspacecdledger.action','_image/ico/default.gif','N','N');
INSERT INTO SEC_OPER(OPER_CODE,OPER_NAME,SUBSYS_CODE,WEB_URL,ICON_PATH,EN_PRVT_OPER,EN_DIRECTORY) VALUES('01610403','待分配列表','admin',' disc/viewwaitingjoblist.action','_image/ico/default.gif','N','N');
INSERT INTO SEC_OPER(OPER_CODE,OPER_NAME,SUBSYS_CODE,WEB_URL,ICON_PATH,EN_PRVT_OPER,EN_DIRECTORY) VALUES('01610404','已分发列表','admin','disc/viewgivespacecdledger.action','_image/ico/default.gif','N','N');


INSERT INTO SEC_ROLE_OPER(ROLE_ID,OPER_CODE) VALUES ('555','01610101');
INSERT INTO SEC_ROLE_OPER(ROLE_ID,OPER_CODE) VALUES ('555','01610102');
INSERT INTO SEC_ROLE_OPER(ROLE_ID,OPER_CODE) VALUES ('11','01610201');
INSERT INTO SEC_ROLE_OPER(ROLE_ID,OPER_CODE) VALUES ('11','01610202');
INSERT INTO SEC_ROLE_OPER(ROLE_ID,OPER_CODE) VALUES ('555','01610401');
INSERT INTO SEC_ROLE_OPER(ROLE_ID,OPER_CODE) VALUES ('11','01610402');
INSERT INTO SEC_ROLE_OPER(ROLE_ID,OPER_CODE) VALUES ('555','01610403');
INSERT INTO SEC_ROLE_OPER(ROLE_ID,OPER_CODE) VALUES ('10','01610301');
INSERT INTO SEC_ROLE_OPER(ROLE_ID,OPER_CODE) VALUES ('10','01610302');
INSERT INTO SEC_ROLE_OPER(ROLE_ID,OPER_CODE) VALUES ('555','01610404');

---中物11所使用电子文件导入管理功能模块,中物院机关与中物5所不使用,打包时注意屏蔽
---电子文件导入管理
---INSERT INTO SEC_OPER(OPER_CODE,OPER_NAME,SUBSYS_CODE,WEB_URL,ICON_PATH,EN_PRVT_OPER,EN_DIRECTORY) VALUES('0116','电子文件导入管理','admin',NULL,NULL,'N','Y');

---INSERT INTO SEC_OPER(OPER_CODE,OPER_NAME,SUBSYS_CODE,WEB_URL,ICON_PATH,EN_PRVT_OPER,EN_DIRECTORY) VALUES('011601','申请导入','admin',NULL,NULL,'N','Y');
---INSERT INTO SEC_OPER(OPER_CODE,OPER_NAME,SUBSYS_CODE,WEB_URL,ICON_PATH,EN_PRVT_OPER,EN_DIRECTORY) VALUES('01160101','提交导入申请','admin','input/addinputevent.action','_image/ico/default.gif','N','N');
---INSERT INTO SEC_OPER(OPER_CODE,OPER_NAME,SUBSYS_CODE,WEB_URL,ICON_PATH,EN_PRVT_OPER,EN_DIRECTORY) VALUES('01160102','查看申请记录','admin','input/viewinputlistjob.action','_image/ico/default.gif','N','N');

---INSERT INTO SEC_OPER(OPER_CODE,OPER_NAME,SUBSYS_CODE,WEB_URL,ICON_PATH,EN_PRVT_OPER,EN_DIRECTORY) VALUES('011602','导入审批','admin',NULL,NULL,'N','Y');
---INSERT INTO SEC_OPER(OPER_CODE,OPER_NAME,SUBSYS_CODE,WEB_URL,ICON_PATH,EN_PRVT_OPER,EN_DIRECTORY) VALUES('01160201','待审批列表','admin','input/manageinputaprvjob.action','_image/ico/default.gif','N','N');
---INSERT INTO SEC_OPER(OPER_CODE,OPER_NAME,SUBSYS_CODE,WEB_URL,ICON_PATH,EN_PRVT_OPER,EN_DIRECTORY) VALUES('01160202','查看审批记录','admin','input/viewinputaprvjob.action','_image/ico/default.gif','N','N');

---INSERT INTO SEC_OPER(OPER_CODE,OPER_NAME,SUBSYS_CODE,WEB_URL,ICON_PATH,EN_PRVT_OPER,EN_DIRECTORY) VALUES('011603','已导入文件下载','admin',NULL,NULL,'N','Y');
---INSERT INTO SEC_OPER(OPER_CODE,OPER_NAME,SUBSYS_CODE,WEB_URL,ICON_PATH,EN_PRVT_OPER,EN_DIRECTORY) VALUES('01160302','查看已导入文件','admin','input/viewmanageinput.action','_image/ico/default.gif','N','N');

---电子文件导入管理权限
---INSERT INTO SEC_ROLE_OPER(ROLE_ID,OPER_CODE) VALUES ('11','01160101'); --普通用户
---INSERT INTO SEC_ROLE_OPER(ROLE_ID,OPER_CODE) VALUES ('11','01160102');
---INSERT INTO SEC_ROLE_OPER(ROLE_ID,OPER_CODE) VALUES ('11','01160302');
---INSERT INTO SEC_ROLE_OPER(ROLE_ID,OPER_CODE) VALUES ('10','01160201'); --可审批用户
---INSERT INTO SEC_ROLE_OPER(ROLE_ID,OPER_CODE) VALUES ('10','01160202');

--- Table: SYS_MODULE 系统模块配置(电子文件导入模块)
---INSERT INTO SYS_MODULE(MODULE_CODE,MODULE_NAME) VALUES ('INPUT','电子文件导入模块');

INSERT INTO SEC_OPER(OPER_CODE,OPER_NAME,SUBSYS_CODE,WEB_URL,ICON_PATH,EN_PRVT_OPER,EN_DIRECTORY) VALUES('01080305','部门文件确认','admin','borrow/confirmdeptpaperborrow.action','_image/ico/default.gif','N','N');
INSERT INTO SEC_ROLE_OPER(ROLE_ID,OPER_CODE) VALUES ('11','01080305');

INSERT INTO SEC_OPER(OPER_CODE,OPER_NAME,SUBSYS_CODE,WEB_URL,ICON_PATH,EN_PRVT_OPER,EN_DIRECTORY) VALUES('01080306','部门光盘确认','admin','borrow/confirmdeptcdborrow.action','_image/ico/default.gif','N','N');
INSERT INTO SEC_ROLE_OPER(ROLE_ID,OPER_CODE) VALUES ('11','01080306');

-----设置默认系统配置表SEC_CONFIG中添加 文件数量和压缩类型配置字段-----
INSERT INTO SEC_CONFIG(ITEM_KEY,ITEM_NAME,ITEM_VALUE,ITEM_TYPE) VALUES ('UPLOAD_BURNFILE_NUM','刻录上传文件数目','5','BURN');
INSERT INTO SEC_CONFIG(ITEM_KEY,ITEM_NAME,ITEM_VALUE,ITEM_TYPE) VALUES ('UPLOAD_BURNFILE_ZIPTYPE','刻录上传文件限制压缩类型','.zip,.rar,.tar,.gzip,.z,.7-zip','BURN');
-----中物7所定制-部门载体归属需要个人确认取消管理员确认转换-此处为开关切换通用模式和定制模式--
INSERT INTO SEC_CONFIG(ITEM_KEY,ITEM_NAME,ITEM_VALUE,ITEM_TYPE) VALUES ('DEPTTOPERSON_MODE','部门载体归属转换方式','0','DTPM');